2,12,1,1,1,1,63,116,32,24,22,154,145,299
2,12,1,6,1,1,53,54,40,20,30,141,98,239
2,12,1,11,1,1,51,52,25,15,14,137,73,210
2,12,1,16,1,1,54,44,30,20,18,139,79,218
2,12,1,21,1,1,51,52,32,22,18,123,90,213
2,12,1,26,1,1,55,44,35,19,16,128,77,205
2,12,1,1,1,2,63,38,22,19,15,127,66,193
2,12,1,6,1,2,52,46,24,19,15,127,74,201
2,12,1,11,1,2,48,40,23,20,14,114,70,184
2,12,1,16,1,2,48,53,28,20,15,126,75,201
2,12,1,21,1,2,45,86,26,19,14,155,78,233
2,12,1,26,1,2,47,42,25,20,15,117,71,188
2,12,1,1,1,3,43,58,19,10,14,117,63,180
2,12,1,6,1,3,47,53,60,15,25,118,118,236
2,12,1,11,1,3,45,51,22,17,29,121,83,204
2,12,1,16,1,3,48,55,22,14,26,138,79,217
2,12,1,21,1,3,42,50,23,14,26,124,81,205
2,12,1,26,1,3,43,55,29,13,25,112,87,199
2,12,1,1,1,4,44,35,20,11,12,104,53,157
2,12,1,6,1,4,52,43,23,14,25,121,71,192
2,12,1,11,1,4,43,44,24,17,23,123,73,196
2,12,1,16,1,4,44,51,25,15,24,117,80,197
2,12,1,21,1,4,46,51,27,14,27,127,81,208
2,12,1,26,1,4,52,56,23,21,23,140,84,224
2,12,1,1,1,5,56,37,18,10,14,129,55,184
2,12,1,6,1,5,41,58,16,11,24,119,79,198
2,12,1,11,1,5,46,53,25,17,27,125,84,209
2,12,1,16,1,5,41,52,21,16,24,121,72,193
2,12,1,21,1,5,45,55,31,14,26,122,88,210
2,12,1,26,1,5,47,47,24,12,26,119,73,192
2,12,1,1,1,6,39,34,17,10,12,122,51,173
2,12,1,6,1,6,42,43,21,14,23,109,67,176
2,12,1,11,1,6,56,46,21,12,22,128,68,196
2,12,1,16,1,6,39,49,21,13,25,105,79,184
2,12,1,21,1,6,40,50,24,16,27,117,79,196
2,12,1,26,1,6,39,44,17,10,23,103,64,167
2,12,1,1,1,7,42,36,20,19,12,116,54,170
2,12,1,6,1,7,40,44,58,13,24,108,104,212
2,12,1,11,1,7,51,54,22,13,29,128,82,210
2,12,1,16,1,7,44,66,22,17,27,110,98,208
2,12,1,21,1,7,45,54,25,16,21,117,79,196
2,12,1,26,1,7,43,49,22,12,25,113,72,185
2,12,1,1,1,8,42,37,17,12,13,103,54,157
2,12,1,6,1,8,43,59,27,13,24,114,88,202
2,12,1,11,1,8,51,50,24,13,26,123,86,209
2,12,1,16,1,8,51,50,28,15,24,130,80,210
2,12,1,21,1,8,44,52,23,16,24,127,77,204
2,12,1,26,1,8,45,51,19,12,26,113,76,189
2,12,1,1,1,9,46,37,20,13,13,111,57,168
2,12,1,6,1,9,39,44,27,16,29,118,80,199
2,12,1,11,1,9,41,45,24,17,27,115,75,190
2,12,1,16,1,9,43,50,24,15,29,126,81,207
2,12,1,21,1,9,43,45,18,11,28,128,72,200
2,12,1,26,1,9,42,49,20,14,23,116,73,189
2,12,1,1,1,10,48,32,14,10,12,130,48,178
2,12,1,6,1,10,41,38,17,9,22,107,60,167
2,12,1,11,1,10,41,51,19,14,22,116,70,186
2,12,1,16,1,10,40,50,20,13,24,117,69,186
2,12,1,21,1,10,41,51,19,13,27,122,81,203
2,12,1,26,1,10,42,51,19,12,24,140,76,216
2,12,1,1,1,11,40,36,19,11,13,98,56,154
2,12,1,6,1,11,39,45,21,14,20,118,62,180
2,12,1,11,1,11,49,45,29,13,41,141,91,232
2,12,1,16,1,11,43,52,24,12,19,121,74,195
2,12,1,21,1,11,40,51,28,14,60,137,107,244
2,12,1,26,1,11,40,47,25,10,21,115,66,181
2,24,1,1,1,1,59,51,36,27,14,154,84,238
2,24,1,6,1,1,59,47,35,27,17,157,89,246
2,24,1,11,1,1,58,45,46,28,12,153,78,231
2,24,1,16,1,1,59,43,33,26,13,134,80,214
2,24,1,21,1,1,58,45,35,28,15,141,80,221
2,24,1,26,1,1,75,45,44,29,13,155,93,248
2,24,1,1,1,2,55,47,36,33,13,127,92,219
2,24,1,6,1,2,49,51,30,27,16,128,80,208
2,24,1,11,1,2,62,45,31,26,17,135,80,215
2,24,1,16,1,2,62,47,30,25,16,140,83,223
2,24,1,21,1,2,70,49,32,28,14,169,89,258
2,24,1,26,1,2,62,59,38,31,13,159,84,243
2,24,1,1,1,3,49,42,25,19,12,113,71,184
2,24,1,6,1,3,57,45,35,28,13,137,83,220
2,24,1,11,1,3,81,56,33,30,14,185,92,277
2,24,1,16,1,3,53,45,33,27,11,124,83,207
2,24,1,21,1,3,53,43,32,28,12,126,80,206
2,24,1,26,1,3,51,47,34,28,12,167,81,248
2,24,1,1,1,4,47,46,25,17,13,117,67,184
2,24,1,6,1,4,47,53,24,19,27,126,81,207
2,24,1,11,1,4,43,62,29,18,38,136,99,235
2,24,1,16,1,4,51,67,31,21,31,140,100,240
2,24,1,21,1,4,56,74,27,21,34,142,105,247
2,24,1,26,1,4,44,70,24,18,24,127,92,219
2,24,1,1,1,5,46,44,22,16,12,116,60,176
2,24,1,6,1,5,45,49,26,19,27,132,68,200
2,24,1,11,1,5,48,59,27,19,33,132,95,227
2,24,1,16,1,5,66,65,22,15,33,147,90,237
2,24,1,21,1,5,43,78,24,17,31,126,100,226
2,24,1,26,1,5,48,73,36,24,31,154,96,250
2,24,1,1,1,6,46,43,30,17,14,120,67,187
2,24,1,6,1,6,48,53,24,19,33,130,81,211
2,24,1,11,1,6,46,56,26,19,34,132,85,217
2,24,1,16,1,6,98,66,31,17,34,157,128,285
2,24,1,21,1,6,50,71,37,18,31,142,105,247
2,24,1,26,1,6,54,70,36,14,29,151,87,238
2,24,1,1,1,7,46,40,26,54,13,127,101,228
2,24,1,6,1,7,46,48,27,18,26,132,73,205
2,24,1,11,1,7,43,58,22,15,31,123,86,209
2,24,1,16,1,7,52,66,23,27,31,139,100,239
2,24,1,21,1,7,47,79,30,24,31,153,105,258
2,24,1,26,1,7,57,80,25,17,36,159,105,264
2,24,1,1,1,8,48,40,29,14,14,130,71,202
2,24,1,6,1,8,46,47,26,24,26,134,76,210
2,24,1,11,1,8,59,61,41,22,40,155,105,260
2,24,1,16,1,8,49,73,32,21,40,143,108,251
2,24,1,21,1,8,64,82,31,19,56,176,111,287
2,24,1,26,1,8,47,79,24,16,41,149,93,242
2,24,1,1,1,9,57,43,21,16,12,123,65,188
2,24,1,6,1,9,46,50,22,14,28,126,72,198
2,24,1,11,1,9,60,60,34,20,35,152,92,244
2,24,1,16,1,9,48,68,29,19,33,143,94,237
2,24,1,21,1,9,51,74,24,24,32,139,100,239
2,24,1,26,1,9,48,77,26,17,37,137,105,242
2,24,1,1,1,10,49,43,33,15,13,118,74,192
2,24,1,6,1,10,57,52,29,16,22,147,75,222
2,24,1,11,1,10,43,57,33,20,35,136,92,228
2,24,1,16,1,10,53,60,28,17,29,148,82,230
2,24,1,21,1,10,42,67,20,18,28,161,82,243
2,24,1,26,1,10,42,77,30,25,30,155,100,255
2,24,1,1,1,11,44,41,23,14,12,118,59,177
2,24,1,6,1,11,47,55,22,14,29,123,78,201
2,24,1,11,1,11,49,63,32,19,33,137,95,232
2,24,1,16,1,11,49,65,30,21,34,140,95,235
2,24,1,21,1,11,57,72,27,16,32,158,93,251
2,24,1,26,1,11,48,73,25,14,33,137,92,229
2,48,1,1,1,1,65,60,45,42,12,164,104,268
2,48,1,6,1,1,78,54,41,37,16,174,94,268
2,48,1,11,1,1,65,55,47,36,13,157,99,256
2,48,1,16,1,1,67,54,50,31,11,175,94,269
2,48,1,21,1,1,67,61,42,36,13,165,100,265
2,48,1,26,1,1,68,57,42,35,11,174,94,268
2,48,1,1,1,2,64,55,38,34,17,164,90,254
2,48,1,6,1,2,64,56,37,32,13,156,86,242
2,48,1,11,1,2,68,56,43,37,18,161,98,259
2,48,1,16,1,2,59,53,38,36,15,186,85,271
2,48,1,21,1,2,72,60,41,40,20,188,88,276
2,48,1,26,1,2,64,52,46,45,12,158,101,259
2,48,1,1,1,3,63,48,31,25,11,161,75,236
2,48,1,6,1,3,64,60,41,40,17,170,96,266
2,48,1,11,1,3,70,62,43,36,19,186,93,279
2,48,1,16,1,3,57,62,41,34,21,181,94,275
2,48,1,21,1,3,59,69,42,35,13,191,89,280
2,48,1,26,1,3,60,59,42,38,15,160,90,250
2,48,1,1,1,4,59,46,33,35,12,135,86,221
2,48,1,6,1,4,71,52,45,38,16,165,93,258
2,48,1,11,1,4,61,59,36,38,13,153,90,243
2,48,1,16,1,4,69,50,43,44,13,186,89,275
2,48,1,21,1,4,61,55,53,48,12,166,102,268
2,48,1,26,1,4,60,53,54,45,14,184,98,282
2,48,1,1,1,5,52,60,30,21,14,145,74,219
2,48,1,6,1,5,55,70,31,27,26,161,88,249
2,48,1,11,1,5,76,70,28,31,42,188,96,284
2,48,1,16,1,5,58,83,33,28,64,189,111,300
2,48,1,21,1,5,53,86,33,21,62,168,122,290
2,48,1,26,1,5,55,107,38,32,55,215,122,337
2,48,1,1,1,6,60,56,27,20,13,150,70,220
2,48,1,6,1,6,54,71,31,20,23,157,84,241
2,48,1,11,1,6,54,67,31,25,37,177,88,265
2,48,1,16,1,6,54,80,39,27,56,181,113,294
2,48,1,21,1,6,55,85,38,27,61,194,120,315
2,48,1,26,1,6,52,124,38,29,64,205,143,348
2,48,1,1,1,7,52,57,30,21,12,136,77,213
2,48,1,6,1,7,61,70,33,23,30,180,87,267
2,48,1,11,1,7,51,58,36,23,41,158,89,247
2,48,1,16,1,7,55,72,47,30,70,196,119,315
2,48,1,21,1,7,67,80,53,30,56,216,109,325
2,48,1,26,1,7,73,102,49,31,60,229,130,359
2,48,1,1,1,8,58,60,28,19,15,162,72,234
2,48,1,6,1,8,64,68,27,24,25,157,84,241
2,48,1,11,1,8,57,60,35,23,35,158,89,247
2,48,1,16,1,8,58,88,38,32,65,193,128,321
2,48,1,21,1,8,54,97,36,27,63,199,122,321
2,48,1,26,1,8,68,103,34,21,49,204,117,321
2,48,1,1,1,9,68,64,31,21,14,156,78,234
2,48,1,6,1,9,60,83,28,24,27,175,82,257
2,48,1,11,1,9,55,77,28,27,37,168,98,266
2,48,1,16,1,9,57,90,36,21,57,184,117,301
2,48,1,21,1,9,53,86,29,23,47,167,107,274
2,48,1,26,1,9,56,103,38,33,61,203,131,334
2,48,1,1,1,10,52,58,28,20,12,137,72,209
2,48,1,6,1,10,52,67,26,20,26,151,80,231
2,48,1,11,1,10,59,76,32,26,45,185,99,284
2,48,1,16,1,10,57,76,41,22,49,180,106,286
2,48,1,21,1,10,55,88,39,26,52,185,115,300
2,48,1,26,1,10,62,101,37,31,54,203,122,325
2,48,1,1,1,11,52,65,28,20,12,141,76,217
2,48,1,6,1,11,55,57,26,18,24,148,75,223
2,48,1,11,1,11,55,68,37,25,42,175,96,271
2,48,1,16,1,11,54,76,37,25,66,183,120,303
2,48,1,21,1,11,52,105,33,30,57,193,119,312
2,48,1,26,1,11,57,104,38,28,47,191,119,310
2,96,1,1,1,1,102,84,48,53,13,237,103,340
2,96,1,6,1,1,74,79,47,50,20,210,101,311
2,96,1,11,1,1,77,83,56,46,17,202,118,320
2,96,1,16,1,1,78,83,57,50,15,215,114,329
2,96,1,21,1,1,81,91,53,92,12,247,119,366
2,96,1,26,1,1,76,88,53,48,15,214,113,327
2,96,1,1,1,2,70,87,46,41,13,191,107,298
2,96,1,6,1,2,89,88,46,40,23,219,106,325
2,96,1,11,1,2,70,90,45,42,26,208,103,311
2,96,1,16,1,2,84,91,61,46,17,217,126,343
2,96,1,21,1,2,70,93,50,43,14,203,107,310
2,96,1,26,1,2,71,91,44,41,13,201,103,304
2,96,1,1,1,3,80,76,41,35,14,196,92,288
2,96,1,6,1,3,68,94,48,50,16,206,106,312
2,96,1,11,1,3,72,104,48,43,20,217,109,326
2,96,1,16,1,3,113,99,51,44,17,202,162,364
2,96,1,21,1,3,75,105,46,48,16,233,107,340
2,96,1,26,1,3,73,103,49,79,17,210,146,356
2,96,1,1,1,4,70,77,43,40,15,182,102,284
2,96,1,6,1,4,67,82,57,39,13,195,99,294
2,96,1,11,1,4,103,91,57,53,13,210,151,361
2,96,1,16,1,4,71,83,59,56,14,204,118,322
2,96,1,21,1,4,71,100,55,52,16,219,114,333
2,96,1,26,1,4,70,85,58,54,13,194,124,318
2,96,1,1,1,5,71,80,41,29,15,174,97,271
2,96,1,6,1,5,74,80,52,42,15,203,108,311
2,96,1,11,1,5,81,83,64,64,13,210,132,342
2,96,1,16,1,5,76,83,87,84,17,247,149,396
2,96,1,21,1,5,89,79,82,78,19,244,141,385
2,96,1,26,1,5,76,76,79,77,17,226,137,363
2,96,1,1,1,6,72,121,49,32,17,224,106,330
2,96,1,6,1,6,60,99,33,30,23,193,92,285
2,96,1,11,1,6,64,121,36,36,33,236,105,341
2,96,1,16,1,6,69,131,42,35,59,255,126,381
2,96,1,21,1,6,70,123,46,38,80,253,141,394
2,96,1,26,1,6,73,137,38,39,75,269,132,401
2,96,1,1,1,7,63,129,37,29,19,205,110,315
2,96,1,6,1,7,77,104,35,31,23,218,92,310
2,96,1,11,1,7,64,120,34,31,34,220,109,329
2,96,1,16,1,7,67,133,85,41,57,302,129,431
2,96,1,21,1,7,60,134,44,36,68,239,141,380
2,96,1,26,1,7,65,143,48,42,76,256,159,415
2,96,1,1,1,8,65,119,36,29,17,214,93,307
2,96,1,6,1,8,63,109,37,27,24,200,93,293
2,96,1,11,1,8,62,137,38,35,36,254,116,370
2,96,1,16,1,8,79,140,39,35,52,260,124,384
2,96,1,21,1,8,65,156,39,38,56,271,137,408
2,96,1,26,1,8,81,166,60,45,89,310,171,481
2,96,1,1,1,9,78,107,36,41,15,207,108,315
2,96,1,6,1,9,61,121,42,35,24,227,102,329
2,96,1,11,1,9,62,138,36,32,34,229,118,347
2,96,1,16,1,9,65,155,47,42,51,269,136,405
2,96,1,21,1,9,66,129,77,35,64,289,132,421
2,96,1,26,1,9,67,156,42,36,59,265,139,404
2,96,1,1,1,10,66,105,47,36,14,207,98,306
2,96,1,6,1,10,63,115,36,30,21,204,98,302
2,96,1,11,1,10,68,128,41,35,33,238,112,350
2,96,1,16,1,10,63,127,43,33,54,245,116,361
2,96,1,21,1,10,79,165,37,34,65,306,126,432
2,96,1,26,1,10,102,141,55,46,81,302,177,479
2,96,1,1,1,11,81,122,52,31,19,249,107,356
2,96,1,6,1,11,62,110,37,34,23,211,95,306
2,96,1,11,1,11,75,137,43,33,35,248,114,362
2,96,1,16,1,11,67,128,44,41,49,244,122,366
2,96,1,21,1,11,66,153,40,38,62,280,125,405
2,96,1,26,1,11,67,137,41,34,67,245,142,387
2,192,1,1,1,1,124,179,68,73,36,358,172,530
2,192,1,6,1,1,101,182,68,72,17,330,151,481
2,192,1,11,1,1,99,169,76,81,20,327,157,484
2,192,1,16,1,1,108,172,103,73,19,370,156,526
2,192,1,21,1,1,101,173,70,67,28,321,154,475
2,192,1,26,1,1,107,175,120,68,16,327,195,522
2,192,1,1,1,2,100,183,61,61,28,331,141,472
2,192,1,6,1,2,94,171,81,76,19,317,164,481
2,192,1,11,1,2,103,189,62,71,22,319,163,482
2,192,1,16,1,2,113,172,65,73,17,331,152,483
2,192,1,21,1,2,106,185,71,70,22,338,155,493
2,192,1,26,1,2,92,175,66,72,19,303,158,461
2,192,1,1,1,3,89,189,54,57,18,330,124,454
2,192,1,6,1,3,112,188,76,75,23,356,169,525
2,192,1,11,1,3,91,177,104,78,18,351,186,537
2,192,1,16,1,3,98,172,68,65,17,308,146,454
2,192,1,21,1,3,95,173,76,76,27,329,165,494
2,192,1,26,1,3,95,171,70,71,18,310,151,461
2,192,1,1,1,4,84,181,58,49,19,298,132,430
2,192,1,6,1,4,87,199,56,57,18,330,133,463
2,192,1,11,1,4,93,189,76,66,17,334,145,479
2,192,1,16,1,4,102,195,102,69,19,337,195,532
2,192,1,21,1,4,101,222,72,68,18,370,152,522
2,192,1,26,1,4,86,200,66,61,22,331,149,480
2,192,1,1,1,5,92,174,53,50,22,310,128,438
2,192,1,6,1,5,112,179,61,68,17,319,156,475
2,192,1,11,1,5,149,171,67,87,26,377,163,540
2,192,1,16,1,5,97,190,94,102,18,352,186,538
2,192,1,21,1,5,105,183,98,104,17,369,182,551
2,192,1,26,1,5,109,170,92,105,19,371,173,544
2,192,1,1,1,6,109,178,54,92,19,346,141,487
2,192,1,6,1,6,103,179,62,69,16,311,154,465
2,192,1,11,1,6,110,182,71,80,21,332,167,499
2,192,1,16,1,6,113,183,92,104,18,362,192,554
2,192,1,21,1,6,128,189,96,121,24,384,210,594
2,192,1,26,1,6,118,179,130,140,20,398,224,622
2,192,1,1,1,7,90,306,54,49,35,425,147,572
2,192,1,6,1,7,82,285,58,47,27,396,139,535
2,192,1,11,1,7,83,285,58,54,34,392,157,549
2,192,1,16,1,7,86,305,63,53,46,422,169,591
2,192,1,21,1,7,81,324,57,55,108,465,215,680
2,192,1,26,1,7,90,328,64,64,81,474,198,672
2,192,1,1,1,8,105,320,53,50,27,456,163,619
2,192,1,6,1,8,85,286,53,48,26,404,135,539
2,192,1,11,1,8,84,278,56,96,32,400,187,587
2,192,1,16,1,8,85,290,57,57,44,410,165,575
2,192,1,21,1,8,82,320,98,59,53,449,209,658
2,192,1,26,1,8,85,335,65,70,62,494,182,676
2,192,1,1,1,9,117,303,49,48,25,421,170,591
2,192,1,6,1,9,79,279,50,48,25,388,131,519
2,192,1,11,1,9,80,278,67,95,33,418,180,598
2,192,1,16,1,9,81,284,71,71,43,426,166,592
2,192,1,21,1,9,102,324,96,61,61,458,236,694
2,192,1,26,1,9,94,334,68,65,74,475,198,673
2,192,1,1,1,10,85,294,52,53,27,405,144,549
2,192,1,6,1,10,98,291,56,56,24,429,138,567
2,192,1,11,1,10,82,280,102,55,33,411,188,599
2,192,1,16,1,10,80,296,67,57,39,407,167,574
2,192,1,21,1,10,110,300,58,59,50,429,194,623
2,192,1,26,1,10,88,333,67,61,62,501,176,677
2,192,1,1,1,11,88,333,50,46,25,424,171,595
2,192,1,6,1,11,82,279,56,52,24,391,138,529
2,192,1,11,1,11,86,278,47,53,30,404,143,547
2,192,1,16,1,11,85,283,54,52,46,426,151,577
2,192,1,21,1,11,89,324,62,94,55,456,219,675
2,192,1,26,1,11,89,339,63,58,75,465,199,664
2,384,1,1,1,1,182,639,136,167,32,865,331,1196
2,384,1,6,1,1,208,608,133,158,34,851,328,1179
2,384,1,11,1,1,185,565,123,150,36,798,297,1095
2,384,1,16,1,1,168,555,120,149,32,781,283,1064
2,384,1,21,1,1,185,588,120,156,30,809,322,1131
2,384,1,26,1,1,163,575,118,141,38,791,292,1083
2,384,1,1,1,2,151,553,84,107,30,726,241,967
2,384,1,6,1,2,131,553,104,126,26,741,239,980
2,384,1,11,1,2,129,570,90,113,30,736,233,969
2,384,1,16,1,2,146,772,94,113,27,724,466,1190
2,384,1,21,1,2,145,558,98,122,32,735,257,992
2,384,1,26,1,2,133,560,100,108,25,735,240,975
2,384,1,1,1,3,133,549,114,90,30,702,259,961
2,384,1,6,1,3,142,554,100,118,27,727,251,978
2,384,1,11,1,3,139,581,113,123,31,725,299,1024
2,384,1,16,1,3,142,548,104,143,28,759,241,1000
2,384,1,21,1,3,135,552,102,125,29,734,247,981
2,384,1,26,1,3,146,563,100,124,30,732,269,1001
2,384,1,1,1,4,126,591,87,74,30,719,224,943
2,384,1,6,1,4,131,588,98,96,38,755,237,992
2,384,1,11,1,4,126,589,100,108,33,740,254,994
2,384,1,16,1,4,155,621,102,112,33,807,252,1059
2,384,1,21,1,4,131,602,98,149,34,754,297,1051
2,384,1,26,1,4,136,638,101,104,34,790,268,1058
2,384,1,1,1,5,178,547,85,78,26,735,224,959
2,384,1,6,1,5,170,542,95,111,29,696,289,985
2,384,1,11,1,5,137,541,114,148,31,711,297,1008
2,384,1,16,1,5,147,538,130,172,28,750,300,1050
2,384,1,21,1,5,151,602,137,156,30,816,298,1114
2,384,1,26,1,5,146,546,138,151,37,758,303,1061
2,384,1,1,1,6,142,553,97,87,30,714,240,954
2,384,1,6,1,6,159,567,103,129,32,755,280,1035
2,384,1,11,1,6,164,554,117,183,34,817,273,1091
2,384,1,16,1,6,166,560,132,174,26,786,309,1095
2,384,1,21,1,6,173,549,157,198,29,790,352,1142
2,384,1,26,1,6,176,577,170,225,36,837,382,1219
2,384,1,1,1,7,156,568,100,118,32,746,265,1011
2,384,1,6,1,7,191,568,117,148,33,788,309,1097
2,384,1,11,1,7,209,568,127,172,32,836,336,1172
2,384,1,16,1,7,209,603,144,187,36,859,364,1223
2,384,1,21,1,7,231,611,154,230,35,908,391,1299
2,384,1,26,1,7,209,582,177,252,37,901,399,1300
2,384,1,1,1,8,166,1053,97,142,43,1249,297,1546
2,384,1,6,1,8,176,968,106,118,52,1142,316,1458
2,384,1,11,1,8,141,1002,107,121,47,1133,329,1462
2,384,1,16,1,8,165,1087,114,127,59,1268,343,1611
2,384,1,21,1,8,170,965,104,139,63,1137,341,1478
2,384,1,26,1,8,160,995,117,124,72,1150,353,1503
2,384,1,1,1,9,149,988,94,98,45,1137,276,1413
2,384,1,6,1,9,138,950,99,110,44,1111,273,1384
2,384,1,11,1,9,146,943,102,114,41,1125,274,1399
2,384,1,16,1,9,156,992,127,135,52,1188,320,1508
2,384,1,21,1,9,204,949,115,128,65,1187,325,1512
2,384,1,26,1,9,160,998,122,136,75,1176,357,1533
2,384,1,1,1,10,154,1015,100,94,43,1167,278,1445
2,384,1,6,1,10,138,949,99,104,43,1095,277,1372
2,384,1,11,1,10,157,959,105,116,52,1142,289,1431
2,384,1,16,1,10,147,1003,130,123,56,1206,294,1500
2,384,1,21,1,10,144,958,116,166,60,1171,315,1486
2,384,1,26,1,10,153,975,151,129,105,1219,331,1550
2,384,1,1,1,11,181,969,90,101,76,1161,297,1458
2,384,1,6,1,11,135,966,92,129,41,1107,293,1400
2,384,1,11,1,11,153,950,105,156,44,1134,313,1447
2,384,1,16,1,11,162,1015,120,133,52,1200,331,1531
2,384,1,21,1,11,162,953,107,124,59,1126,323,1449
2,384,1,26,1,11,162,992,128,145,81,1188,362,1550
2,768,1,1,1,1,380,2222,288,390,84,2649,764,3413
2,768,1,6,1,1,420,2240,286,388,74,2702,781,3483
2,768,1,11,1,1,407,2240,287,394,78,2712,741,3453
2,768,1,16,1,1,362,2225,305,376,80,2650,737,3387
2,768,1,21,1,1,377,2314,287,405,72,2744,754,3498
2,768,1,26,1,1,361,2123,273,435,81,2617,705,3322
2,768,1,1,1,2,325,2143,238,327,74,2471,676,3147
2,768,1,6,1,2,343,2223,232,369,81,2584,718,3302
2,768,1,11,1,2,313,2124,247,353,83,2490,669,3159
2,768,1,16,1,2,316,2187,247,361,91,2552,702,3254
2,768,1,21,1,2,349,2108,235,353,74,2502,656,3158
2,768,1,26,1,2,359,2219,245,345,73,2556,740,3296
2,768,1,1,1,3,236,2020,165,195,76,2222,519,2741
2,768,1,6,1,3,246,2077,178,222,71,2306,530,2836
2,768,1,11,1,3,244,2079,172,213,69,2241,579,2820
2,768,1,16,1,3,251,2054,173,230,70,2234,585,2819
2,768,1,21,1,3,262,2019,170,209,71,2228,543,2771
2,768,1,26,1,3,257,2003,192,226,69,2217,584,2801
2,768,1,1,1,4,321,2251,225,319,77,2583,647,3230
2,768,1,6,1,4,331,2162,248,353,78,2522,695,3217
2,768,1,11,1,4,378,2190,252,389,79,2632,702,3334
2,768,1,16,1,4,334,2283,245,389,324,2881,739,3620
2,768,1,21,1,4,328,2180,254,380,79,2555,702,3257
2,768,1,26,1,4,385,2151,246,413,75,2551,769,3320
2,768,1,1,1,5,256,1990,149,165,70,2172,495,2667
2,768,1,6,1,5,259,1986,177,225,66,2219,541,2760
2,768,1,11,1,5,264,2062,198,259,69,2264,630,2894
2,768,1,16,1,5,293,2014,226,293,69,2316,629,2945
2,768,1,21,1,5,282,2033,228,287,67,2318,621,2939
2,768,1,26,1,5,273,2155,224,290,76,2388,668,3056
2,768,1,1,1,6,276,2004,186,191,68,2225,542,2767
2,768,1,6,1,6,301,2086,199,258,70,2335,618,2953
2,768,1,11,1,6,312,2267,209,266,64,2355,814,3169
2,768,1,16,1,6,334,2044,294,311,74,2369,731,3100
2,768,1,21,1,6,320,2042,286,370,81,2438,706,3144
2,768,1,26,1,6,317,2084,269,365,72,2457,689,3146
2,768,1,1,1,7,344,2026,233,238,70,2369,582,2951
2,768,1,6,1,7,343,2105,248,335,71,2426,728,3154
2,768,1,11,1,7,398,2051,240,383,76,2464,725,3189
2,768,1,16,1,7,368,2094,278,405,75,2492,768,3260
2,768,1,21,1,7,393,2040,263,431,75,2481,776,3257
2,768,1,26,1,7,458,2045,324,429,76,2567,810,3377
2,768,1,1,1,8,418,2120,282,348,78,2534,749,3283
2,768,1,6,1,8,488,2193,322,464,82,2723,881,3604
2,768,1,11,1,8,556,2103,309,545,113,2728,936,3664
2,768,1,16,1,8,564,2100,334,578,81,2728,969,3697
2,768,1,21,1,8,540,2092,326,634,81,2725,988,3713
2,768,1,26,1,8,543,2071,388,586,83,2823,886,3709
2,768,1,1,1,9,376,3808,232,236,139,4099,751,4850
2,768,1,6,1,9,297,3647,215,275,109,3913,676,4589
2,768,1,11,1,9,313,3625,275,283,124,3971,687,4658
2,768,1,16,1,9,327,3756,251,321,146,4051,790,4841
2,768,1,21,1,9,362,3657,282,316,123,3991,790,4781
2,768,1,26,1,9,400,3750,281,369,115,4141,821,4962
2,768,1,1,1,10,334,3701,216,284,107,3963,721,4684
2,768,1,6,1,10,313,3697,217,277,99,3978,680,4658
2,768,1,11,1,10,340,3728,244,315,108,4020,777,4797
2,768,1,16,1,10,345,3702,265,335,120,4042,768,4810
2,768,1,21,1,10,362,3761,283,317,131,4110,806,4916
2,768,1,26,1,10,362,3782,291,363,145,4143,853,4996
2,768,1,1,1,11,312,3710,208,248,107,3973,657,4630
2,768,1,6,1,11,313,3781,211,259,99,4020,694,4714
2,768,1,11,1,11,317,3628,246,314,99,3935,711,4646
2,768,1,16,1,11,333,3665,259,337,125,3982,780,4762
2,768,1,21,1,11,349,3646,266,358,117,3997,777,4774
2,768,1,26,1,11,344,3734,278,327,127,4100,751,4851
2,1536,1,1,1,1,1190,8512,918,1773,275,10115,2631,12746
2,1536,1,6,1,1,1186,8541,1094,1584,227,10002,2687,12689
2,1536,1,11,1,1,1196,8506,1096,1534,236,9974,2649,12623
2,1536,1,16,1,1,1198,8500,1006,1580,231,9911,2671,12582
2,1536,1,21,1,1,1187,8507,1021,1624,242,9938,2688,12626
2,1536,1,26,1,1,1277,8506,983,1633,227,9995,2677,12672
2,1536,1,1,1,2,820,8256,546,923,210,8843,1956,10799
2,1536,1,6,1,2,800,8335,530,947,210,8907,1960,10867
2,1536,1,11,1,2,817,8259,599,980,210,8937,1970,10907
2,1536,1,16,1,2,812,8305,537,943,217,8891,1977,10868
2,1536,1,21,1,2,802,8576,544,1005,214,9196,1998,11194
2,1536,1,26,1,2,798,8620,565,947,219,9213,1981,11194
2,1536,1,1,1,3,943,8690,749,1073,234,9534,2196,11730
2,1536,1,6,1,3,938,8457,789,1163,231,9331,2299,11630
2,1536,1,11,1,3,1009,8486,738,1208,274,9453,2307,11760
2,1536,1,16,1,3,1048,8457,784,1202,227,9402,2357,11759
2,1536,1,21,1,3,998,8377,735,1304,229,9325,2361,11686
2,1536,1,26,1,3,971,8423,731,1376,228,9471,2306,11777
2,1536,1,1,1,4,823,8312,525,900,209,8948,1883,10831
2,1536,1,6,1,4,811,8343,574,953,209,8940,1998,10938
2,1536,1,11,1,4,827,8570,555,1000,208,9181,2018,11199
2,1536,1,16,1,4,834,8531,620,960,208,9249,1945,11194
2,1536,1,21,1,4,829,8215,576,1136,209,8985,2027,11012
2,1536,1,26,1,4,871,8372,568,1066,267,9192,2015,11207
2,1536,1,1,1,5,673,7502,497,673,232,7953,1667,9620
2,1536,1,6,1,5,675,7597,531,672,212,8069,1664,9733
2,1536,1,11,1,5,659,7966,557,707,209,8440,1703,10143
2,1536,1,16,1,5,742,8013,562,788,198,8494,1854,10348
2,1536,1,21,1,5,693,7824,487,792,205,8256,1824,10080
2,1536,1,26,1,5,686,8099,515,797,213,8380,1994,10374
2,1536,1,1,1,6,738,8083,471,652,205,8578,1644,10222
2,1536,1,6,1,6,737,8599,499,750,239,9024,1851,10875
2,1536,1,11,1,6,744,8135,497,775,213,8632,1772,10404
2,1536,1,16,1,6,765,8275,531,775,254,8802,1846,10648
2,1536,1,21,1,6,766,8188,575,799,259,8755,1873,10628
2,1536,1,26,1,6,822,8112,601,952,246,8926,1935,10861
2,1536,1,1,1,7,811,7964,567,675,318,8609,1798,10407
2,1536,1,6,1,7,875,8335,580,842,286,8991,1986,10977
2,1536,1,11,1,7,841,8120,595,866,261,8751,1980,10731
2,1536,1,16,1,7,859,8158,649,938,261,8858,2047,10905
2,1536,1,21,1,7,919,8319,623,1082,268,9129,2125,11254
2,1536,1,26,1,7,927,8135,681,1103,281,8909,2265,11174
2,1536,1,1,1,8,1006,8205,819,891,248,9073,2139,11212
2,1536,1,6,1,8,1191,8308,854,1194,253,9418,2435,11853
2,1536,1,11,1,8,1234,8232,934,1372,245,9514,2554,12068
2,1536,1,16,1,8,1192,8282,935,1299,208,9477,2484,11961
2,1536,1,21,1,8,1288,8379,919,1438,210,9765,2522,12287
2,1536,1,26,1,8,1236,8231,888,1418,209,9532,2495,12027
2,1536,1,1,1,9,1350,8714,1051,1132,232,9990,2535,12525
2,1536,1,6,1,9,1549,8550,1262,1392,241,10064,2973,13037
2,1536,1,11,1,9,1720,8647,1204,1708,237,10490,3091,13581
2,1536,1,16,1,9,1654,8544,1068,1819,237,10268,3097,13365
2,1536,1,21,1,9,1837,8695,1299,1919,223,10719,3323,14042
2,1536,1,26,1,9,1653,8621,1201,1916,244,10493,3182,13675
2,1536,1,1,1,10,975,15354,629,860,377,15951,2335,18286
2,1536,1,6,1,10,937,14759,597,898,407,15397,2304,17701
2,1536,1,11,1,10,961,14903,628,971,296,15584,2272,17856
2,1536,1,16,1,10,985,14877,651,1064,299,15617,2370,17987
2,1536,1,21,1,10,994,14906,674,1027,330,15644,2387,18031
2,1536,1,26,1,10,1027,14782,744,988,309,15558,2389,17947
2,1536,1,1,1,11,959,14917,610,921,333,15524,2314,17838
2,1536,1,6,1,11,931,14783,590,919,311,15355,2277,17632
2,1536,1,11,1,11,959,15268,675,920,314,15898,2336,18234
2,1536,1,16,1,11,994,14644,706,913,310,15283,2383,17666
2,1536,1,21,1,11,1003,14749,727,1005,356,15531,2406,17937
2,1536,1,26,1,11,1015,15068,726,979,295,15789,2403,18192
2,3072,1,1,1,1,4949,34188,4066,6613,955,39552,11429,50981
2,3072,1,6,1,1,5398,33750,3908,6440,1219,39302,11608,50910
2,3072,1,11,1,1,5527,33711,4086,6546,969,39502,11538,51040
2,3072,1,16,1,1,5318,33253,4154,6386,1341,39016,11635,50651
2,3072,1,21,1,1,5150,34354,4201,6545,986,39835,11602,51437
2,3072,1,26,1,1,5194,33482,4109,6572,746,39018,11284,50302
2,3072,1,1,1,2,4224,33951,3451,5031,1121,37986,9982,47968
2,3072,1,6,1,2,4463,34016,3191,5494,854,38170,10039,48209
2,3072,1,11,1,2,4314,34450,3337,5368,739,38325,10076,48401
2,3072,1,16,1,2,4332,34287,3160,5489,927,38207,10187,48394
2,3072,1,21,1,2,4484,34038,3187,5504,855,38127,10140,48267
2,3072,1,26,1,2,4639,34748,3437,5557,963,39241,10299,49540
2,3072,1,1,1,3,3406,35280,2621,3969,795,37692,8580,46272
2,3072,1,6,1,3,3891,35836,2569,4244,921,38815,8851,47666
2,3072,1,11,1,3,3928,34722,2683,4104,743,37361,9025,46386
2,3072,1,16,1,3,3684,35251,2483,3937,746,37664,8642,46306
2,3072,1,21,1,3,3835,34892,2698,3932,782,37669,8690,46359
2,3072,1,26,1,3,3895,35138,2504,3982,1040,37880,8887,46767
2,3072,1,1,1,4,3365,33868,2074,3387,1214,36029,8070,44099
2,3072,1,6,1,4,3000,34735,2172,3678,737,36326,8202,44528
2,3072,1,11,1,4,3265,34811,2313,3675,755,36648,8387,45035
2,3072,1,16,1,4,3471,34389,2268,3670,798,36689,8118,44807
2,3072,1,21,1,4,3393,34064,2235,3391,1015,36149,8172,44321
2,3072,1,26,1,4,3251,34198,2062,3153,1513,36033,8339,44372
2,3072,1,1,1,5,3852,34422,2682,4738,1086,37551,9424,46975
2,3072,1,6,1,5,4105,34474,3070,4988,911,37895,9848,47743
2,3072,1,11,1,5,4121,35118,3037,5205,788,38451,10009,48460
2,3072,1,16,1,5,4016,34577,2869,5059,882,38005,9586,47591
2,3072,1,21,1,5,4152,33984,2869,5037,915,37708,9449,47157
2,3072,1,26,1,5,4146,35178,2755,5305,782,38772,9590,48362
2,3072,1,1,1,6,2668,33787,1840,2404,1177,35074,6990,42064
2,3072,1,6,1,6,2778,33873,1928,2829,839,35173,7281,42454
2,3072,1,11,1,6,2763,34394,1835,2671,804,35459,7247,42706
2,3072,1,16,1,6,3024,35393,1998,2791,728,36848,7293,44141
2,3072,1,21,1,6,2998,33981,1850,3230,726,35593,7453,43046
2,3072,1,26,1,6,3175,34252,1839,3012,1167,35884,7764,43648
2,3072,1,1,1,7,3078,34243,2152,2670,1050,36038,7353,43391
2,3072,1,6,1,7,3308,34554,1948,2990,1100,36550,7545,44095
2,3072,1,11,1,7,3106,35562,1916,3382,745,37315,7598,44913
2,3072,1,16,1,7,3235,34069,2139,3010,941,35999,7597,43596
2,3072,1,21,1,7,3467,34351,2072,3050,1018,36356,7805,44161
2,3072,1,26,1,7,3407,35690,2196,3247,877,37422,8200,45622
2,3072,1,1,1,8,3632,34616,2323,3341,1026,36844,8291,45135
2,3072,1,6,1,8,3758,35190,2469,3994,889,37862,8637,46499
2,3072,1,11,1,8,3979,35625,2472,4205,898,38549,8825,47374
2,3072,1,16,1,8,3908,35878,2574,4301,818,38627,9050,47677
2,3072,1,21,1,8,4068,35407,2257,4468,830,38065,9165,47230
2,3072,1,26,1,8,3889,36318,2413,4543,916,38913,9364,48277
2,3072,1,1,1,9,4487,35640,3404,3938,1077,39359,9376,48735
2,3072,1,6,1,9,4714,35724,3495,4183,1632,39703,10241,49944
2,3072,1,11,1,9,5205,36016,3511,5135,1063,40608,10548,51156
2,3072,1,16,1,9,5198,35608,3079,5632,989,40030,10672,50702
2,3072,1,21,1,9,5388,36215,3378,5559,860,40785,10809,51594
2,3072,1,26,1,9,5234,35679,3256,5826,991,40667,10519,51186
2,3072,1,1,1,10,5636,35367,3966,4974,913,40171,10880,51051
2,3072,1,6,1,10,6329,35289,3939,5682,845,40744,11520,52264
2,3072,1,11,1,10,6845,35010,4114,6079,917,40862,12296,53158
2,3072,1,16,1,10,6991,35569,4265,7371,807,42052,13121,55173
2,3072,1,21,1,10,7277,34989,3994,7181,918,41611,12952,54563
2,3072,1,26,1,10,6824,35173,4293,7141,818,42092,12334,54426
2,3072,1,1,1,11,4430,62222,2517,3459,1628,64752,9689,74441
2,3072,1,6,1,11,4418,63318,2390,3881,1285,66350,9021,75371
2,3072,1,11,1,11,4942,61948,2420,3898,1255,65251,9353,74604
2,3072,1,16,1,11,5104,63175,2558,4143,1453,67006,9553,76559
2,3072,1,21,1,11,4911,62177,2879,3808,1355,65627,9631,75258
2,3072,1,26,1,11,5097,65289,2612,4119,1461,68901,9800,78701
2,6144,1,1,1,1,26157,135695,16765,26227,4001,163669,45540,209209
2,6144,1,6,1,1,22624,135763,18194,24510,3840,159788,45316,205104
2,6144,1,11,1,1,22351,135830,17547,24944,3757,158764,45832,204596
2,6144,1,16,1,1,21656,135481,16375,27419,3743,158663,46199,204862
2,6144,1,21,1,1,22195,133640,15937,26754,3840,156285,46246,202531
2,6144,1,26,1,1,22671,134814,15069,27350,3458,158489,45091,203580
2,6144,1,1,1,2,17188,135536,9555,16748,4422,148529,35074,183603
2,6144,1,6,1,2,16470,132972,10034,16813,4648,145507,35579,181086
2,6144,1,11,1,2,17001,133683,10179,15918,4581,146169,35340,181509
2,6144,1,16,1,2,16143,135398,9518,16958,5320,147488,36000,183488
2,6144,1,21,1,2,16401,140984,10418,15273,5100,153087,35280,188367
2,6144,1,26,1,2,16856,134092,11138,15964,5091,147353,35964,183317
2,6144,1,1,1,3,15102,135020,7477,14088,3514,144128,31224,175352
2,6144,1,6,1,3,15233,136203,8554,14330,4045,146265,32258,178523
2,6144,1,11,1,3,15397,137178,8923,13817,3804,146899,32410,179309
2,6144,1,16,1,3,15842,136441,8918,14080,3882,146830,32506,179336
2,6144,1,21,1,3,16077,137027,9060,14236,4869,148121,33328,181449
2,6144,1,26,1,3,15308,135686,8939,14341,3764,145594,32612,178206
2,6144,1,1,1,4,13831,135455,6946,11715,4413,143394,29149,172543
2,6144,1,6,1,4,14590,136332,8066,12847,3778,145005,30786,175791
2,6144,1,11,1,4,15295,136386,8933,12864,4743,146756,31621,178377
2,6144,1,16,1,4,15288,139965,8758,12550,4933,148420,33229,181649
2,6144,1,21,1,4,15139,139749,8902,12984,4379,148753,32578,181331
2,6144,1,26,1,4,15059,139951,8275,13879,4206,148140,33403,181543
2,6144,1,1,1,5,15235,134040,8667,13388,5868,145514,31820,177334
2,6144,1,6,1,5,17068,135236,8906,15197,4492,147364,33729,181093
2,6144,1,11,1,5,16155,134530,10487,14509,5125,146456,34533,180989
2,6144,1,16,1,5,15997,134667,9983,15840,4593,146518,34717,181235
2,6144,1,21,1,5,15620,136285,10700,15391,4153,148078,34260,182338
2,6144,1,26,1,5,15387,134541,10399,15090,4237,145474,34372,179846
2,6144,1,1,1,6,12339,137401,5966,9829,3437,142727,26440,169167
2,6144,1,6,1,6,13187,138046,7833,9619,4027,144950,27959,172909
2,6144,1,11,1,6,14557,135926,7672,11420,3999,143489,30246,173735
2,6144,1,16,1,6,15418,139909,7453,11691,5180,146474,33334,179808
2,6144,1,21,1,6,15140,137492,8164,11573,5455,145727,32317,178044
2,6144,1,26,1,6,15563,140459,6976,13596,5023,148191,33587,181778
2,6144,1,1,1,7,13107,133433,6494,10660,3558,139872,27616,167488
2,6144,1,6,1,7,13791,137014,6775,12224,3943,145070,28810,173880
2,6144,1,11,1,7,14224,134326,8901,11378,3735,142835,29876,172711
2,6144,1,16,1,7,15416,141004,8900,12822,4331,149530,33121,182651
2,6144,1,21,1,7,15494,137821,7973,12652,4986,146731,32363,179094
2,6144,1,26,1,7,15279,140610,8440,12037,3682,148135,32102,180237
2,6144,1,1,1,8,14785,136144,7579,11755,5822,145629,30664,176293
2,6144,1,6,1,8,15764,137747,9313,13429,4672,148257,32812,181069
2,6144,1,11,1,8,16762,138999,9101,14017,4673,150066,33637,183703
2,6144,1,16,1,8,16207,136774,9177,14004,4522,146482,34356,180838
2,6144,1,21,1,8,16985,139225,9175,14351,3865,149649,34120,183769
2,6144,1,26,1,8,16988,136929,8873,15573,4010,147648,34876,182524
2,6144,1,1,1,9,17984,137514,9059,12737,5248,149586,33130,182716
2,6144,1,6,1,9,17841,136506,9880,15363,4678,149072,35358,184430
2,6144,1,11,1,9,18846,136905,11061,15924,4495,151345,36029,187374
2,6144,1,16,1,9,18828,139314,10577,15408,5513,153008,36804,189812
2,6144,1,21,1,9,18826,136834,10537,15894,5420,149757,37960,187718
2,6144,1,26,1,9,18903,136542,11019,16634,5467,150996,37732,188728
2,6144,1,1,1,10,19767,135283,11361,15440,3994,150403,35620,186023
2,6144,1,6,1,10,21732,135678,12354,17490,3786,152928,38268,191196
2,6144,1,11,1,10,20049,135141,11928,19713,3604,151180,39410,190590
2,6144,1,16,1,10,22825,136024,11669,20799,3732,154695,40567,195262
2,6144,1,21,1,10,21686,135639,12371,21452,3477,153912,40861,194773
2,6144,1,26,1,10,23373,135612,11616,22210,3937,154970,41929,196899
2,6144,1,1,1,11,27332,135132,16150,20319,3924,157782,45346,203128
2,6144,1,6,1,11,28159,133219,16333,22194,4008,156943,47138,204081
2,6144,1,11,1,11,28908,135331,16208,26049,3705,161743,48640,210383
2,6144,1,16,1,11,28020,135028,16588,27760,3941,162570,48968,211538
2,6144,1,21,1,11,27313,136653,17027,29294,3695,165014,49192,214206
2,6144,1,26,1,11,30414,136496,17118,33222,3769,167987,53198,221185
3,12,1,1,1,1,57,38,30,29,17,131,83,214
3,12,1,6,1,1,67,37,29,23,16,143,75,218
3,12,1,11,1,1,51,74,27,21,16,167,75,242
3,12,1,16,1,1,51,43,28,22,17,129,76,205
3,12,1,21,1,1,47,35,27,20,15,120,67,188
3,12,1,26,1,1,56,50,28,23,16,162,85,247
3,12,1,1,1,2,45,36,23,17,17,140,64,204
3,12,1,6,1,2,48,41,24,23,18,124,77,201
3,12,1,11,1,2,88,38,24,23,18,128,110,238
3,12,1,16,1,2,48,38,24,22,15,121,71,192
3,12,1,21,1,2,68,39,26,22,17,150,73,223
3,12,1,26,1,2,49,40,24,60,17,120,110,230
3,12,1,1,1,3,39,68,18,10,16,104,89,193
3,12,1,6,1,3,39,42,24,15,62,121,107,228
3,12,1,11,1,3,49,49,22,16,34,151,79,230
3,12,1,16,1,3,59,49,25,13,33,158,79,237
3,12,1,21,1,3,43,50,24,14,34,140,82,222
3,12,1,26,1,3,53,49,24,13,34,134,80,214
3,12,1,1,1,4,50,36,20,11,15,111,59,170
3,12,1,6,1,4,39,47,26,14,33,123,79,202
3,12,1,11,1,4,48,48,23,13,40,129,87,216
3,12,1,16,1,4,39,47,18,10,28,115,68,183
3,12,1,21,1,4,41,51,20,13,36,128,82,210
3,12,1,26,1,4,39,49,23,11,35,119,79,198
3,12,1,1,1,5,69,33,17,10,14,112,84,196
3,12,1,6,1,5,41,46,26,13,62,149,77,226
3,12,1,11,1,5,41,49,22,14,67,160,79,239
3,12,1,16,1,5,50,52,22,13,31,122,85,207
3,12,1,21,1,5,78,48,23,13,33,135,113,248
3,12,1,26,1,5,47,50,19,12,32,143,75,218
3,12,1,1,1,6,38,37,15,11,16,113,55,168
3,12,1,6,1,6,38,46,22,13,65,123,106,229
3,12,1,11,1,6,40,46,20,13,32,119,70,189
3,12,1,16,1,6,44,49,22,16,33,125,79,204
3,12,1,21,1,6,38,45,18,8,31,116,66,182
3,12,1,26,1,6,38,45,17,9,29,113,70,183
3,12,1,1,1,7,38,37,18,11,15,110,54,164
3,12,1,6,1,7,43,42,21,15,30,130,72,202
3,12,1,11,1,7,40,47,25,13,32,146,78,224
3,12,1,16,1,7,42,49,25,15,32,121,83,204
3,12,1,21,1,7,41,51,15,11,64,189,74,263
3,12,1,26,1,7,36,46,19,10,32,115,75,190
3,12,1,1,1,8,40,36,17,11,14,103,54,157
3,12,1,6,1,8,45,44,21,12,31,131,76,207
3,12,1,11,1,8,42,51,24,13,72,132,120,252
3,12,1,16,1,8,40,83,19,12,30,137,104,241
3,12,1,21,1,8,41,51,24,16,33,134,83,217
3,12,1,26,1,8,43,51,20,12,32,139,76,215
3,12,1,1,1,9,42,38,19,11,14,105,58,163
3,12,1,6,1,9,39,42,19,11,31,119,65,184
3,12,1,11,1,9,40,52,18,15,33,120,80,200
3,12,1,16,1,9,40,51,19,14,32,123,77,200
3,12,1,21,1,9,43,51,25,14,35,136,83,219
3,12,1,26,1,9,51,52,22,13,32,134,79,213
3,12,1,1,1,10,41,36,18,10,15,111,55,166
3,12,1,6,1,10,52,42,24,14,33,129,79,208
3,12,1,11,1,10,39,52,22,14,34,148,83,231
3,12,1,16,1,10,42,86,22,11,33,166,78,244
3,12,1,21,1,10,38,47,17,11,66,150,68,218
3,12,1,26,1,10,38,46,22,12,30,119,70,189
3,12,1,1,1,11,50,36,16,10,15,114,51,165
3,12,1,6,1,11,42,49,25,16,32,123,82,205
3,12,1,11,1,11,39,48,20,11,31,120,73,193
3,12,1,16,1,11,56,52,22,12,32,133,78,212
3,12,1,21,1,11,43,48,23,13,28,120,78,198
3,12,1,26,1,11,47,46,17,10,29,123,68,191
3,24,1,1,1,1,88,39,38,33,16,169,89,258
3,24,1,6,1,1,62,44,37,33,13,145,89,234
3,24,1,11,1,1,59,42,36,35,13,139,88,227
3,24,1,16,1,1,68,44,39,35,15,148,92,240
3,24,1,21,1,1,64,40,38,34,13,145,88,233
3,24,1,26,1,1,59,41,36,31,14,141,84,225
3,24,1,1,1,2,49,38,53,21,13,167,65,232
3,24,1,6,1,2,76,44,30,29,22,159,85,244
3,24,1,11,1,2,68,43,32,29,22,149,85,234
3,24,1,16,1,2,70,46,43,27,19,184,87,271
3,24,1,21,1,2,65,45,31,31,20,147,86,233
3,24,1,26,1,2,61,47,33,28,20,138,89,227
3,24,1,1,1,3,51,40,64,26,14,158,75,233
3,24,1,6,1,3,56,41,43,39,17,163,90,253
3,24,1,11,1,3,54,41,41,40,15,144,88,232
3,24,1,16,1,3,59,45,42,37,16,148,98,246
3,24,1,21,1,3,55,42,42,40,15,147,92,239
3,24,1,26,1,3,56,44,41,42,16,155,95,250
3,24,1,1,1,4,45,42,22,14,29,130,64,194
3,24,1,6,1,4,46,56,27,18,41,169,83,252
3,24,1,11,1,4,47,53,30,17,54,160,88,248
3,24,1,16,1,4,46,75,23,22,90,191,115,306
3,24,1,21,1,4,45,84,29,23,53,161,121,282
3,24,1,26,1,4,46,83,31,23,53,169,117,286
3,24,1,1,1,5,43,42,20,14,16,112,62,174
3,24,1,6,1,5,44,45,24,17,36,132,77,209
3,24,1,11,1,5,43,66,25,18,52,154,97,251
3,24,1,16,1,5,48,67,30,25,49,160,101,261
3,24,1,21,1,5,42,81,25,20,44,150,111,261
3,24,1,26,1,5,52,80,29,23,51,162,115,277
3,24,1,1,1,6,57,38,23,15,14,124,60,184
3,24,1,6,1,6,46,50,24,18,37,130,85,215
3,24,1,11,1,6,59,61,28,18,54,164,99,263
3,24,1,16,1,6,59,72,30,21,48,166,104,270
3,24,1,21,1,6,46,77,25,18,44,156,99,255
3,24,1,26,1,6,43,75,21,14,67,146,118,264
3,24,1,1,1,7,43,41,21,15,14,123,61,184
3,24,1,6,1,7,55,50,23,17,35,151,77,228
3,24,1,11,1,7,45,59,29,24,51,147,101,248
3,24,1,16,1,7,47,68,27,19,50,156,103,259
3,24,1,21,1,7,54,82,27,20,50,164,110,274
3,24,1,26,1,7,62,83,28,20,50,170,111,281
3,24,1,1,1,8,59,44,20,15,15,133,64,197
3,24,1,6,1,8,46,50,20,14,36,141,78,219
3,24,1,11,1,8,44,55,21,14,47,133,89,222
3,24,1,16,1,8,46,70,38,22,49,157,113,270
3,24,1,21,1,8,55,81,32,19,51,167,113,280
3,24,1,26,1,8,47,81,28,16,53,165,111,276
3,24,1,1,1,9,55,43,22,14,13,126,61,187
3,24,1,6,1,9,45,50,29,17,35,136,84,220
3,24,1,11,1,9,44,59,29,18,49,147,95,242
3,24,1,16,1,9,44,67,30,19,47,142,106,248
3,24,1,21,1,9,49,90,30,24,52,168,128,296
3,24,1,26,1,9,46,84,27,16,49,160,109,269
3,24,1,1,1,10,44,41,21,15,15,118,60,178
3,24,1,6,1,10,45,47,23,15,34,127,79,206
3,24,1,11,1,10,43,58,27,18,50,156,100,256
3,24,1,16,1,10,47,71,32,22,53,162,108,270
3,24,1,21,1,10,52,82,25,18,52,168,111,279
3,24,1,26,1,10,71,87,25,20,53,191,116,307
3,24,1,1,1,11,49,46,19,14,16,121,66,187
3,24,1,6,1,11,46,45,24,20,39,127,89,216
3,24,1,11,1,11,46,57,69,19,54,187,102,289
3,24,1,16,1,11,47,75,35,19,49,155,108,263
3,24,1,21,1,11,45,82,30,19,52,156,111,267
3,24,1,26,1,11,72,83,29,20,50,183,112,295
3,48,1,1,1,1,73,49,49,48,13,165,112,277
3,48,1,6,1,1,70,47,45,46,15,173,100,273
3,48,1,11,1,1,85,47,49,49,13,185,104,289
3,48,1,16,1,1,73,47,47,47,14,179,105,284
3,48,1,21,1,1,74,50,49,51,13,176,108,284
3,48,1,26,1,1,74,49,45,44,13,183,103,286
3,48,1,1,1,2,60,44,39,35,13,157,82,240
3,48,1,6,1,2,66,48,45,47,14,162,102,264
3,48,1,11,1,2,81,53,43,48,14,177,99,276
3,48,1,16,1,2,67,49,47,46,14,160,101,261
3,48,1,21,1,2,66,49,47,47,16,168,101,269
3,48,1,26,1,2,69,45,43,43,14,164,95,259
3,48,1,1,1,3,66,50,36,29,13,151,83,234
3,48,1,6,1,3,65,61,50,48,20,179,107,286
3,48,1,11,1,3,60,59,51,50,19,188,103,291
3,48,1,16,1,3,62,51,47,45,20,164,104,268
3,48,1,21,1,3,61,60,48,47,20,180,103,283
3,48,1,26,1,3,104,60,54,47,18,215,142,358
3,48,1,1,1,4,60,45,31,27,12,167,77,244
3,48,1,6,1,4,64,53,53,56,13,214,105,319
3,48,1,11,1,4,78,53,62,61,15,200,114,314
3,48,1,16,1,4,74,51,61,59,16,186,114,300
3,48,1,21,1,4,67,48,59,58,15,218,107,325
3,48,1,26,1,4,63,51,58,61,15,208,112,320
3,48,1,1,1,5,54,63,30,27,16,178,79,257
3,48,1,6,1,5,57,64,30,23,36,181,91,272
3,48,1,11,1,5,58,79,29,24,54,194,107,301
3,48,1,16,1,5,57,80,37,27,96,205,140,345
3,48,1,21,1,5,52,93,37,30,90,229,129,358
3,48,1,26,1,5,53,107,44,26,92,222,147,369
3,48,1,1,1,6,64,55,26,19,18,160,72,232
3,48,1,6,1,6,51,70,27,20,36,160,90,250
3,48,1,11,1,6,52,75,29,21,53,172,101,273
3,48,1,16,1,6,58,77,40,38,88,211,140,351
3,48,1,21,1,6,52,98,35,32,78,230,127,357
3,48,1,26,1,6,53,108,40,27,80,234,128,362
3,48,1,1,1,7,68,57,30,24,18,158,78,236
3,48,1,6,1,7,55,66,28,27,37,219,90,309
3,48,1,11,1,7,53,93,36,23,56,242,107,349
3,48,1,16,1,7,53,80,39,32,86,205,135,340
3,48,1,21,1,7,53,90,47,31,95,227,140,367
3,48,1,26,1,7,81,113,39,29,89,257,146,403
3,48,1,1,1,8,70,61,27,22,15,168,77,245
3,48,1,6,1,8,52,67,32,28,39,172,92,264
3,48,1,11,1,8,60,88,30,26,58,203,113,316
3,48,1,16,1,8,316,82,35,23,77,210,385,595
3,48,1,21,1,8,54,104,46,30,93,233,142,375
3,48,1,26,1,8,66,134,34,28,87,256,145,401
3,48,1,1,1,9,51,62,28,20,15,143,76,219
3,48,1,6,1,9,50,65,26,20,35,155,83,238
3,48,1,11,1,9,49,68,28,22,48,159,99,258
3,48,1,16,1,9,63,79,33,28,87,210,123,333
3,48,1,21,1,9,52,103,77,29,84,206,183,389
3,48,1,26,1,9,55,105,34,28,101,223,140,363
3,48,1,1,1,10,50,91,31,20,15,172,73,245
3,48,1,6,1,10,50,72,29,26,37,170,87,257
3,48,1,11,1,10,52,68,29,21,54,165,98,263
3,48,1,16,1,10,88,83,36,29,92,244,128,372
3,48,1,21,1,10,54,93,39,29,88,210,137,347
3,48,1,26,1,10,56,108,42,38,81,226,156,382
3,48,1,1,1,11,67,59,29,22,18,161,74,235
3,48,1,6,1,11,52,70,30,26,35,164,87,251
3,48,1,11,1,11,57,82,29,24,51,187,98,285
3,48,1,16,1,11,51,77,30,26,79,181,128,309
3,48,1,21,1,11,50,125,31,23,83,200,169,369
3,48,1,26,1,11,54,111,37,29,118,256,144,400
3,96,1,1,1,1,81,79,56,54,21,220,130,350
3,96,1,6,1,1,84,73,59,60,15,223,119,342
3,96,1,11,1,1,87,70,55,57,15,203,120,323
3,96,1,16,1,1,84,70,59,58,14,202,123,325
3,96,1,21,1,1,84,81,56,61,15,221,119,340
3,96,1,26,1,1,119,69,59,60,16,210,158,368
3,96,1,1,1,2,71,72,74,40,18,218,104,322
3,96,1,6,1,2,75,79,51,50,18,203,112,315
3,96,1,11,1,2,76,78,50,55,20,201,120,321
3,96,1,16,1,2,92,82,51,49,14,216,113,329
3,96,1,21,1,2,73,80,52,51,15,204,116,320
3,96,1,26,1,2,74,82,51,53,15,210,111,321
3,96,1,1,1,3,80,80,48,38,13,198,103,301
3,96,1,6,1,3,71,93,83,57,24,224,147,371
3,96,1,11,1,3,103,196,93,143,24,397,280,677
3,96,1,16,1,3,66,90,46,48,19,196,111,307
3,96,1,21,1,3,72,95,49,49,20,214,112,326
3,96,1,26,1,3,71,128,57,60,23,224,160,384
3,96,1,1,1,4,66,73,44,36,54,214,100,314
3,96,1,6,1,4,156,113,69,61,16,256,210,466
3,96,1,11,1,4,75,85,70,67,15,229,129,358
3,96,1,16,1,4,77,82,70,73,16,228,137,365
3,96,1,21,1,4,84,78,103,74,16,235,166,401
3,96,1,26,1,4,75,85,68,95,18,283,127,410
3,96,1,1,1,5,88,74,45,35,14,202,101,303
3,96,1,6,1,5,81,75,58,60,13,212,124,336
3,96,1,11,1,5,77,73,86,88,16,248,145,393
3,96,1,16,1,5,82,78,91,104,14,257,154,411
3,96,1,21,1,5,87,79,99,112,50,293,178,471
3,96,1,26,1,5,95,72,104,118,16,275,169,444
3,96,1,1,1,6,76,148,46,36,24,266,113,379
3,96,1,6,1,6,61,119,39,36,32,229,101,330
3,96,1,11,1,6,64,160,47,40,55,242,164,406
3,96,1,16,1,6,65,139,89,39,88,313,150,463
3,96,1,21,1,6,65,170,47,43,107,319,156,475
3,96,1,26,1,6,67,164,47,83,130,314,218,532
3,96,1,1,1,7,68,136,43,28,20,240,96,336
3,96,1,6,1,7,59,132,36,33,30,234,95,329
3,96,1,11,1,7,62,127,37,35,54,239,121,360
3,96,1,16,1,7,66,137,48,38,80,269,140,409
3,96,1,21,1,7,74,144,87,52,100,309,201,510
3,96,1,26,1,7,66,147,44,40,116,305,159,464
3,96,1,1,1,8,62,121,36,29,19,223,96,319
3,96,1,6,1,8,63,120,40,32,29,223,102,325
3,96,1,11,1,8,62,139,38,37,53,254,118,372
3,96,1,16,1,8,68,156,43,43,76,296,142,438
3,96,1,21,1,8,64,145,42,39,112,281,160,441
3,96,1,26,1,8,106,167,46,44,133,372,175,547
3,96,1,1,1,9,60,116,39,30,20,220,92,312
3,96,1,6,1,9,60,110,33,28,30,210,97,307
3,96,1,11,1,9,104,117,46,33,46,237,151,388
3,96,1,16,1,9,64,139,42,37,74,274,138,412
3,96,1,21,1,9,61,132,42,37,89,254,154,408
3,96,1,26,1,9,66,153,45,41,119,302,160,462
3,96,1,1,1,10,75,121,90,36,26,237,154,391
3,96,1,6,1,10,63,137,43,69,31,283,106,389
3,96,1,11,1,10,75,115,39,39,55,247,123,370
3,96,1,16,1,10,67,119,49,36,81,282,140,422
3,96,1,21,1,10,66,157,48,46,102,308,166,474
3,96,1,26,1,10,80,146,54,70,126,363,180,543
3,96,1,1,1,11,63,117,37,28,18,219,91,310
3,96,1,6,1,11,61,128,44,35,31,254,110,364
3,96,1,11,1,11,61,130,36,34,49,244,109,353
3,96,1,16,1,11,61,176,44,39,81,288,167,455
3,96,1,21,1,11,64,175,47,40,94,321,150,471
3,96,1,26,1,11,61,157,40,36,130,306,174,480
3,192,1,1,1,1,105,172,83,87,19,352,167,519
3,192,1,6,1,1,149,161,76,88,20,373,165,538
3,192,1,11,1,1,129,169,116,85,18,351,214,565
3,192,1,16,1,1,128,158,84,85,21,348,170,518
3,192,1,21,1,1,117,167,72,85,20,335,167,502
3,192,1,26,1,1,108,159,76,83,18,333,160,493
3,192,1,1,1,2,92,164,58,72,20,309,147,456
3,192,1,6,1,2,114,163,73,123,19,343,200,543
3,192,1,11,1,2,108,160,94,88,21,357,160,517
3,192,1,16,1,2,105,166,73,84,17,338,164,502
3,192,1,21,1,2,137,167,73,79,20,347,185,532
3,192,1,26,1,2,105,203,67,80,19,373,152,525
3,192,1,1,1,3,97,168,51,63,19,305,136,441
3,192,1,6,1,3,120,178,74,88,18,397,164,561
3,192,1,11,1,3,145,179,85,98,21,393,182,576
3,192,1,16,1,3,109,166,107,88,20,333,197,530
3,192,1,21,1,3,114,170,93,93,19,345,189,534
3,192,1,26,1,3,112,175,83,142,19,360,212,572
3,192,1,1,1,4,89,152,92,50,19,309,133,442
3,192,1,6,1,4,95,147,71,72,20,293,154,447
3,192,1,11,1,4,119,209,86,97,21,367,216,583
3,192,1,16,1,4,101,180,74,86,26,342,177,519
3,192,1,21,1,4,107,174,77,90,21,344,168,512
3,192,1,26,1,4,91,203,79,88,23,356,170,526
3,192,1,1,1,5,99,148,60,53,21,286,132,419
3,192,1,6,1,5,118,156,104,87,18,336,190,526
3,192,1,11,1,5,105,161,107,122,18,372,189,561
3,192,1,16,1,5,108,146,111,156,21,353,231,584
3,192,1,21,1,5,115,160,136,148,18,393,223,616
3,192,1,26,1,5,115,164,121,141,18,366,233,599
3,192,1,1,1,6,102,180,59,59,22,324,142,466
3,192,1,6,1,6,110,169,76,83,18,337,160,497
3,192,1,11,1,6,111,164,92,108,22,373,183,556
3,192,1,16,1,6,123,175,108,127,18,378,215,593
3,192,1,21,1,6,124,167,114,154,19,438,220,658
3,192,1,26,1,6,120,180,144,199,24,423,286,710
3,192,1,1,1,7,95,362,62,49,30,480,160,640
3,192,1,6,1,7,91,298,53,50,31,439,141,580
3,192,1,11,1,7,85,303,55,57,46,428,164,592
3,192,1,16,1,7,84,315,63,63,62,484,176,660
3,192,1,21,1,7,115,310,62,65,91,489,197,686
3,192,1,26,1,7,109,348,75,77,102,532,223,755
3,192,1,1,1,8,93,313,49,89,38,473,153,626
3,192,1,6,1,8,81,308,62,53,32,436,148,584
3,192,1,11,1,8,77,294,59,53,41,424,149,573
3,192,1,16,1,8,88,322,62,64,65,477,177,654
3,192,1,21,1,8,104,310,63,65,87,479,199,678
3,192,1,26,1,8,120,370,78,70,102,536,250,786
3,192,1,1,1,9,123,318,51,51,26,472,144,616
3,192,1,6,1,9,78,303,57,54,31,420,143,563
3,192,1,11,1,9,84,335,55,56,74,492,227,719
3,192,1,16,1,9,82,317,63,63,58,454,168,622
3,192,1,21,1,9,101,364,56,53,78,481,212,693
3,192,1,26,1,9,104,350,72,71,91,540,196,736
3,192,1,1,1,10,98,350,56,56,28,487,143,630
3,192,1,6,1,10,77,304,58,52,29,421,141,562
3,192,1,11,1,10,81,314,52,48,43,449,145,594
3,192,1,16,1,10,87,329,68,67,56,459,195,654
3,192,1,21,1,10,118,321,60,61,73,501,186,687
3,192,1,26,1,10,85,346,69,69,93,508,207,715
3,192,1,1,1,11,98,346,63,58,33,514,147,661
3,192,1,6,1,11,78,305,56,50,31,443,134,577
3,192,1,11,1,11,82,313,59,59,45,464,168,632
3,192,1,16,1,11,82,323,65,69,58,459,185,644
3,192,1,21,1,11,81,309,73,75,79,465,197,662
3,192,1,26,1,11,88,364,63,62,96,509,208,717
3,384,1,1,1,1,222,519,148,239,36,849,355,1204
3,384,1,6,1,1,192,507,154,228,36,781,380,1161
3,384,1,11,1,1,241,506,160,207,38,805,394,1199
3,384,1,16,1,1,207,508,151,204,34,802,353,1155
3,384,1,21,1,1,195,541,164,197,32,818,350,1168
3,384,1,26,1,1,196,535,154,205,73,853,351,1204
3,384,1,1,1,2,182,530,146,118,30,811,244,1055
3,384,1,6,1,2,166,577,111,139,29,763,306,1069
3,384,1,11,1,2,174,518,106,138,29,758,267,1025
3,384,1,16,1,2,164,512,104,164,30,758,263,1021
3,384,1,21,1,2,148,520,106,133,28,718,264,982
3,384,1,26,1,2,162,549,101,144,33,751,285,1036
3,384,1,1,1,3,155,514,106,103,33,715,245,960
3,384,1,6,1,3,164,516,121,183,30,741,316,1057
3,384,1,11,1,3,194,551,124,153,31,777,319,1096
3,384,1,16,1,3,174,531,146,148,29,791,283,1074
3,384,1,21,1,3,167,512,116,150,31,734,284,1018
3,384,1,26,1,3,157,525,121,154,60,748,316,1064
3,384,1,1,1,4,121,449,76,96,30,628,208,836
3,384,1,6,1,4,127,462,107,132,32,639,262,901
3,384,1,11,1,4,136,478,117,172,37,657,327,984
3,384,1,16,1,4,143,483,117,139,39,682,287,969
3,384,1,21,1,4,136,521,115,135,40,663,328,991
3,384,1,26,1,4,154,476,125,141,38,700,290,990
3,384,1,1,1,5,150,436,91,90,25,634,218,852
3,384,1,6,1,5,149,469,124,149,32,690,278,968
3,384,1,11,1,5,156,443,140,213,34,720,311,1031
3,384,1,16,1,5,167,473,168,266,32,747,403,1150
3,384,1,21,1,5,206,460,180,229,31,763,396,1159
3,384,1,26,1,5,184,464,208,229,29,796,365,1161
3,384,1,1,1,6,149,516,106,99,30,720,235,955
3,384,1,6,1,6,178,529,118,146,32,759,291,1050
3,384,1,11,1,6,174,558,134,201,38,787,363,1150
3,384,1,16,1,6,190,512,198,231,32,848,362,1210
3,384,1,21,1,6,180,564,189,250,29,832,424,1256
3,384,1,26,1,6,201,520,201,302,34,882,428,1310
3,384,1,1,1,7,226,503,137,152,34,784,313,1097
3,384,1,6,1,7,282,526,161,233,37,902,380,1282
3,384,1,11,1,7,257,530,189,270,36,892,429,1321
3,384,1,16,1,7,282,522,190,314,42,931,470,1401
3,384,1,21,1,7,267,501,210,401,78,965,531,1496
3,384,1,26,1,7,274,520,237,376,37,982,505,1487
3,384,1,1,1,8,163,1116,98,94,56,1297,273,1570
3,384,1,6,1,8,133,1022,139,119,60,1221,295,1516
3,384,1,11,1,8,151,1037,135,113,58,1242,293,1535
3,384,1,16,1,8,149,1089,152,148,72,1323,331,1654
3,384,1,21,1,8,162,1045,148,150,89,1276,363,1639
3,384,1,26,1,8,154,1060,138,151,143,1285,404,1689
3,384,1,1,1,9,141,1081,97,102,55,1232,288,1520
3,384,1,6,1,9,129,1055,109,120,58,1231,284,1515
3,384,1,11,1,9,140,1048,106,128,61,1226,306,1532
3,384,1,16,1,9,166,1100,130,146,65,1334,323,1657
3,384,1,21,1,9,155,1067,121,139,99,1259,379,1638
3,384,1,26,1,9,156,1098,160,148,107,1291,424,1715
3,384,1,1,1,10,153,1121,85,89,50,1245,297,1542
3,384,1,6,1,10,138,1038,100,117,54,1221,268,1489
3,384,1,11,1,10,146,1070,111,118,60,1240,309,1549
3,384,1,16,1,10,159,1096,126,149,74,1308,346,1654
3,384,1,21,1,10,162,1072,133,167,90,1292,375,1667
3,384,1,26,1,10,167,1113,120,150,104,1299,393,1692
3,384,1,1,1,11,157,1105,89,95,50,1253,294,1547
3,384,1,6,1,11,135,1070,99,112,58,1221,317,1538
3,384,1,11,1,11,155,1025,114,131,59,1214,313,1527
3,384,1,16,1,11,145,1088,121,173,71,1269,370,1639
3,384,1,21,1,11,163,1025,138,167,91,1284,361,1645
3,384,1,26,1,11,160,1065,125,138,111,1269,376,1645
3,768,1,1,1,1,461,1622,368,597,71,2294,874,3168
3,768,1,6,1,1,522,1659,403,592,80,2375,928,3303
3,768,1,11,1,1,485,1726,395,568,109,2400,927,3327
3,768,1,16,1,1,482,1605,369,594,109,2282,920,3202
3,768,1,21,1,1,460,1623,365,569,69,2260,880,3140
3,768,1,26,1,1,472,1685,367,570,72,2347,876,3223
3,768,1,1,1,2,446,1614,309,478,76,2218,754,2972
3,768,1,6,1,2,449,1618,383,550,69,2229,888,3117
3,768,1,11,1,2,415,1614,341,493,70,2197,787,2984
3,768,1,16,1,2,449,1603,365,574,68,2211,889,3100
3,768,1,21,1,2,425,1607,328,467,67,2116,822,2938
3,768,1,26,1,2,459,1616,341,526,70,2245,816,3061
3,768,1,1,1,3,260,1902,181,207,70,2123,539,2662
3,768,1,6,1,3,307,1926,202,284,105,2302,584,2886
3,768,1,11,1,3,285,1929,227,345,70,2261,638,2899
3,768,1,16,1,3,332,1886,214,335,71,2297,598,2895
3,768,1,21,1,3,310,1917,199,343,67,2281,614,2895
3,768,1,26,1,3,290,1917,207,293,98,2234,629,2863
3,768,1,1,1,4,337,1654,229,359,71,2019,681,2700
3,768,1,6,1,4,403,1714,279,469,113,2270,754,3024
3,768,1,11,1,4,418,1625,349,503,71,2148,862,3010
3,768,1,16,1,4,358,1620,332,535,71,2176,785,2961
3,768,1,21,1,4,399,1780,332,485,76,2305,820,3125
3,768,1,26,1,4,443,1588,315,485,109,2123,862,2985
3,768,1,1,1,5,266,1581,161,222,64,1858,481,2339
3,768,1,6,1,5,321,1659,192,267,68,1969,582,2551
3,768,1,11,1,5,273,1703,242,327,69,2051,607,2658
3,768,1,16,1,5,307,1622,273,423,66,2054,696,2750
3,768,1,21,1,5,311,1609,285,416,78,2056,706,2762
3,768,1,26,1,5,305,1621,281,393,60,1989,723,2712
3,768,1,1,1,6,274,1990,206,208,71,2238,558,2796
3,768,1,6,1,6,303,1868,232,291,62,2218,580,2798
3,768,1,11,1,6,323,1886,265,359,66,2295,650,2945
3,768,1,16,1,6,336,1939,284,392,61,2347,714,3061
3,768,1,21,1,6,336,1933,307,488,67,2371,802,3173
3,768,1,26,1,6,368,1926,342,482,63,2440,788,3228
3,768,1,1,1,7,396,1869,299,344,67,2295,727,3022
3,768,1,6,1,7,423,1846,314,477,105,2432,778,3210
3,768,1,11,1,7,458,1871,348,517,76,2444,869,3313
3,768,1,16,1,7,466,1829,419,596,73,2459,975,3434
3,768,1,21,1,7,484,1846,360,628,71,2485,947,3432
3,768,1,26,1,7,482,1833,456,728,69,2570,1044,3614
3,768,1,1,1,8,505,1665,411,518,72,2307,906,3213
3,768,1,6,1,8,598,1617,469,789,77,2491,1103,3594
3,768,1,11,1,8,693,1618,446,900,77,2590,1189,3779
3,768,1,16,1,8,666,1599,533,807,72,2536,1181,3717
3,768,1,21,1,8,635,1612,502,893,72,2551,1203,3754
3,768,1,26,1,8,700,1643,516,870,72,2622,1219,3841
3,768,1,1,1,9,345,4102,228,272,135,4364,772,5136
3,768,1,6,1,9,316,4138,233,298,149,4421,767,5188
3,768,1,11,1,9,351,3978,244,292,131,4333,707,5040
3,768,1,16,1,9,341,4095,260,354,123,4432,795,5227
3,768,1,21,1,9,345,4002,246,325,147,4335,771,5106
3,768,1,26,1,9,371,4128,306,362,155,4505,866,5371
3,768,1,1,1,10,327,4097,218,256,160,4370,735,5105
3,768,1,6,1,10,355,3989,221,297,118,4337,717,5054
3,768,1,11,1,10,351,4043,256,324,135,4404,750,5154
3,768,1,16,1,10,364,4110,304,334,169,4502,822,5324
3,768,1,21,1,10,360,4070,296,355,183,4417,890,5307
3,768,1,26,1,10,367,4124,312,348,165,4472,893,5365
3,768,1,1,1,11,326,4074,218,272,146,4350,727,5077
3,768,1,6,1,11,330,4067,227,316,119,4394,706,5100
3,768,1,11,1,11,348,4022,255,283,124,4295,782,5077
3,768,1,16,1,11,340,4114,313,375,164,4539,810,5349
3,768,1,21,1,11,352,4041,256,343,140,4354,823,5177
3,768,1,26,1,11,361,4028,317,368,167,4446,841,5287
3,1536,1,1,1,1,1568,6363,1340,2072,204,8474,3155,11629
3,1536,1,6,1,1,1526,6640,1279,2222,282,8822,3173,11995
3,1536,1,11,1,1,1614,6692,1347,2162,236,8895,3200,12095
3,1536,1,16,1,1,1660,6524,1381,2202,202,8728,3298,12026
3,1536,1,21,1,1,1572,6640,1283,2137,206,8749,3133,11882
3,1536,1,26,1,1,1567,6534,1322,2208,232,8663,3261,11924
3,1536,1,1,1,2,925,6148,703,1053,189,7153,1911,9064
3,1536,1,6,1,2,908,6386,758,1100,199,7405,1987,9392
3,1536,1,11,1,2,925,6567,737,1149,175,7641,1955,9596
3,1536,1,16,1,2,947,6435,755,1148,180,7469,2042,9511
3,1536,1,21,1,2,946,6264,761,1094,220,7373,1988,9361
3,1536,1,26,1,2,954,6468,767,1101,245,7623,1959,9582
3,1536,1,1,1,3,1172,6693,910,1473,291,8198,2387,10585
3,1536,1,6,1,3,1424,6647,1031,1822,277,8482,2768,11250
3,1536,1,11,1,3,1417,6567,1062,1886,269,8482,2767,11249
3,1536,1,16,1,3,1487,6562,991,1874,247,8309,2901,11210
3,1536,1,21,1,3,1357,6543,1011,1831,279,8255,2813,11068
3,1536,1,26,1,3,1379,6563,954,1791,257,8274,2718,10992
3,1536,1,1,1,4,793,6135,627,919,181,7058,1643,8701
3,1536,1,6,1,4,858,6409,655,1134,193,7405,1888,9293
3,1536,1,11,1,4,882,6402,689,1108,266,7373,2019,9392
3,1536,1,16,1,4,866,6406,694,1117,187,7454,1883,9337
3,1536,1,21,1,4,927,6508,724,1085,183,7531,1947,9478
3,1536,1,26,1,4,929,6447,694,1123,179,7499,1953,9452
3,1536,1,1,1,5,595,6200,401,562,162,6627,1349,7976
3,1536,1,6,1,5,629,6218,450,799,170,6814,1513,8327
3,1536,1,11,1,5,683,6334,533,791,177,6967,1602,8569
3,1536,1,16,1,5,713,6406,647,871,176,7123,1740,8863
3,1536,1,21,1,5,702,6535,686,847,207,7294,1730,9024
3,1536,1,26,1,5,724,6642,607,907,244,7401,1766,9167
3,1536,1,1,1,6,713,7400,483,589,195,7935,1491,9426
3,1536,1,6,1,6,784,7564,486,780,194,8147,1704,9851
3,1536,1,11,1,6,712,7471,556,835,194,8138,1688,9826
3,1536,1,16,1,6,759,7557,629,957,238,8355,1862,10217
3,1536,1,21,1,6,778,7516,655,996,245,8392,1873,10265
3,1536,1,26,1,6,800,7665,693,1066,192,8543,1953,10496
3,1536,1,1,1,7,820,7051,642,814,191,7807,1753,9560
3,1536,1,6,1,7,931,7083,745,1089,189,8090,1992,10082
3,1536,1,11,1,7,919,7130,736,1228,183,8184,2061,10245
3,1536,1,16,1,7,969,7118,765,1236,189,8221,2113,10334
3,1536,1,21,1,7,1070,7052,795,1288,222,8273,2205,10478
3,1536,1,26,1,7,1075,7175,831,1438,192,8408,2346,10754
3,1536,1,1,1,8,1111,6335,851,1178,226,7582,2181,9763
3,1536,1,6,1,8,1338,6568,1002,1650,220,8203,2632,10835
3,1536,1,11,1,8,1172,6453,980,1671,179,7923,2573,10496
3,1536,1,16,1,8,1369,6490,1054,1830,185,8134,2840,10974
3,1536,1,21,1,8,1499,6271,1156,1953,183,8197,2908,11105
3,1536,1,26,1,8,1390,6624,1193,2099,184,8544,2995,11539
3,1536,1,1,1,9,2079,6704,1568,2094,200,9189,3500,12689
3,1536,1,6,1,9,2097,6737,1771,2613,202,9588,3914,13502
3,1536,1,11,1,9,2125,6694,1738,3097,227,9666,4260,13926
3,1536,1,16,1,9,2187,6681,1739,3092,208,9826,4132,13958
3,1536,1,21,1,9,2269,6668,1863,3452,410,10166,4543,14709
3,1536,1,26,1,9,2340,6538,1850,3408,203,9981,4406,14387
3,1536,1,1,1,10,969,16345,650,997,368,16960,2462,19422
3,1536,1,6,1,10,958,16329,599,921,428,16946,2378,19324
3,1536,1,11,1,10,979,15919,685,987,396,16625,2445,19070
3,1536,1,16,1,10,1017,15869,679,1068,351,16626,2464,19090
3,1536,1,21,1,10,1012,16155,761,1050,381,16955,2500,19455
3,1536,1,26,1,10,1044,15891,712,1066,417,16728,2505,19233
3,1536,1,1,1,11,987,16285,658,899,432,16859,2501,19360
3,1536,1,6,1,11,964,16024,680,935,334,16637,2398,19035
3,1536,1,11,1,11,984,16283,668,1020,346,16928,2468,19396
3,1536,1,16,1,11,1003,15812,706,1128,369,16652,2464,19116
3,1536,1,21,1,11,1063,15948,739,1121,378,16761,2587,19348
3,1536,1,26,1,11,1055,16513,761,1022,347,17256,2540,19796
3,3072,1,1,1,1,6078,25379,4748,8339,663,33340,12054,45394
3,3072,1,6,1,1,6156,25636,5099,8531,632,33675,12535,46210
3,3072,1,11,1,1,5862,25682,5155,8403,673,33651,12277,45928
3,3072,1,16,1,1,5824,25752,4981,8055,799,33735,11836,45571
3,3072,1,21,1,1,5882,25511,5157,8520,640,33548,12318,45866
3,3072,1,26,1,1,6205,25519,4979,8930,624,33395,13019,46414
3,3072,1,1,1,2,4643,25732,3650,5942,987,31186,9916,41102
3,3072,1,6,1,2,5261,25443,3609,6248,763,31150,10339,41489
3,3072,1,11,1,2,5217,25736,3858,6295,763,31621,10401,42022
3,3072,1,16,1,2,5065,26068,4064,6401,765,32427,10089,42516
3,3072,1,21,1,2,5043,25373,3777,6289,807,31421,10026,41447
3,3072,1,26,1,2,5023,25681,3886,6185,897,31593,10243,41836
3,3072,1,1,1,3,3465,26235,2644,3917,991,29616,7809,37425
3,3072,1,6,1,3,3982,27946,2775,4576,876,31895,8437,40332
3,3072,1,11,1,3,3951,27210,2715,4528,959,31079,8457,39536
3,3072,1,16,1,3,4046,27202,2902,4487,1048,31216,8647,39863
3,3072,1,21,1,3,4341,27330,2741,4750,1257,31774,8859,40633
3,3072,1,26,1,3,3962,27547,2622,4300,1006,31063,8553,39616
3,3072,1,1,1,4,2628,25371,1865,2671,763,27416,6045,33461
3,3072,1,6,1,4,2784,25761,1811,3105,594,27784,6434,34218
3,3072,1,11,1,4,2848,26491,1880,3396,651,28703,6747,35450
3,3072,1,16,1,4,2828,26797,2001,3094,864,29020,6739,35759
3,3072,1,21,1,4,2869,26790,2155,3262,719,29261,6699,35960
3,3072,1,26,1,4,3041,26687,1971,3255,711,29037,6794,35831
3,3072,1,1,1,5,4054,25580,2859,5102,1021,30040,8744,38784
3,3072,1,6,1,5,4467,25580,3129,5245,1022,30374,9227,39601
3,3072,1,11,1,5,4999,25579,3194,5774,987,31066,9627,40693
3,3072,1,16,1,5,5236,25491,3222,6907,1054,31371,10700,42071
3,3072,1,21,1,5,5258,25432,3817,6703,1013,31508,10873,42381
3,3072,1,26,1,5,5105,25298,3423,6583,938,31209,10298,41507
3,3072,1,1,1,6,2171,29618,1427,2144,666,30638,5527,36165
3,3072,1,6,1,6,2257,29575,1483,2432,690,30869,5728,36597
3,3072,1,11,1,6,2361,30062,1530,2690,702,31515,5982,37497
3,3072,1,16,1,6,2499,30217,1942,2530,876,31697,6536,38233
3,3072,1,21,1,6,2537,30088,1887,2960,962,31962,6614,38576
3,3072,1,26,1,6,2545,32031,1934,2917,694,33620,6639,40259
3,3072,1,1,1,7,2523,27846,2011,2312,732,29871,5683,35554
3,3072,1,6,1,7,2688,28343,2064,2929,805,30353,6617,36970
3,3072,1,11,1,7,2801,28375,2018,2926,922,30593,6592,37185
3,3072,1,16,1,7,2818,29070,2151,3574,647,31335,7059,38394
3,3072,1,21,1,7,2891,29139,2170,3596,622,31448,7109,38557
3,3072,1,26,1,7,2951,29143,2195,3904,635,31664,7298,38962
3,3072,1,1,1,8,3418,25437,2604,3351,839,28493,7329,35822
3,3072,1,6,1,8,3671,26053,2675,4423,793,29452,8319,37771
3,3072,1,11,1,8,3597,26870,2710,4499,659,30455,8036,38491
3,3072,1,16,1,8,3852,27083,3008,4610,615,30920,8410,39330
3,3072,1,21,1,8,3835,27352,2735,4844,627,31011,8546,39557
3,3072,1,26,1,8,4137,27267,2962,5086,607,31350,8870,40220
3,3072,1,1,1,9,4970,26156,4065,5047,796,31585,9612,41197
3,3072,1,6,1,9,5013,27520,4221,6106,830,33382,10465,43847
3,3072,1,11,1,9,5318,27746,4476,7205,772,34429,11252,45681
3,3072,1,16,1,9,5588,27916,4412,7288,786,34868,11284,46152
3,3072,1,21,1,9,5828,27005,4267,7813,840,34152,11804,45956
3,3072,1,26,1,9,5629,27628,4476,8192,637,34812,11904,46716
3,3072,1,1,1,10,6953,25883,6117,7486,757,34338,13009,47347
3,3072,1,6,1,10,7306,26174,6248,9145,871,35828,14074,49902
3,3072,1,11,1,10,7334,26510,6105,9742,668,36031,14465,50496
3,3072,1,16,1,10,7659,25735,5980,10911,766,36161,15028,51189
3,3072,1,21,1,10,7746,26664,6179,10925,956,37428,15177,52605
3,3072,1,26,1,10,8074,26322,6564,11047,828,37318,15666,52984
3,3072,1,1,1,11,4595,63660,2644,3501,1451,66409,9636,76045
3,3072,1,6,1,11,4492,64185,2508,3481,1469,66938,9363,76301
3,3072,1,11,1,11,4810,66084,2398,3733,1347,68967,9582,78549
3,3072,1,16,1,11,5213,64968,2655,3862,1549,68474,9919,78393
3,3072,1,21,1,11,5101,64787,2746,3973,1815,68491,10077,78568
3,3072,1,26,1,11,5293,65350,2950,4663,1264,69181,10477,79658
3,6144,1,1,1,1,26510,99249,19939,32444,3373,130432,51389,181821
3,6144,1,6,1,1,27553,98657,19838,32087,3276,130693,50999,181692
3,6144,1,11,1,1,26601,99176,19651,32571,3431,130317,51368,181685
3,6144,1,16,1,1,27008,99282,19469,32057,3211,130267,51011,181278
3,6144,1,21,1,1,27616,99183,19581,31732,3346,130669,51059,181728
3,6144,1,26,1,1,26707,101484,19789,32549,3369,132524,51609,184133
3,6144,1,1,1,2,15696,96471,9913,15792,3065,109510,31674,141184
3,6144,1,6,1,2,17189,99472,10201,16545,3107,113698,33063,146761
3,6144,1,11,1,2,17211,99621,10023,16328,3104,112692,33821,146513
3,6144,1,16,1,2,16946,98438,10207,16201,2860,112000,32899,144899
3,6144,1,21,1,2,17071,99198,10037,15794,3343,112842,32834,145676
3,6144,1,26,1,2,17537,100178,10092,16354,3145,114102,33475,147577
3,6144,1,1,1,3,12963,100808,7925,11406,3084,109278,27169,136447
3,6144,1,6,1,3,14235,102392,8213,12905,3011,111860,29131,140991
3,6144,1,11,1,3,13892,106033,8187,12642,3141,115293,28854,144147
3,6144,1,16,1,3,14161,104229,8535,12734,3023,113524,29403,142927
3,6144,1,21,1,3,14135,103296,8225,13156,2992,112715,29301,142016
3,6144,1,26,1,3,14441,104378,8489,12656,3164,113321,30044,143365
3,6144,1,1,1,4,10323,95445,5950,8613,2989,100362,23206,123568
3,6144,1,6,1,4,11333,96084,6440,9751,2856,102295,24413,126708
3,6144,1,11,1,4,11809,96721,6451,9820,2978,102594,25401,127995
3,6144,1,16,1,4,11855,99591,6789,9925,3560,106302,25655,131957
3,6144,1,21,1,4,12088,101125,6908,10719,3210,108365,25918,134283
3,6144,1,26,1,4,11590,100044,6804,10570,3755,107635,25384,133019
3,6144,1,1,1,5,14278,96961,8678,13171,3228,107276,29285,136561
3,6144,1,6,1,5,15722,100169,8208,14681,2958,111132,30850,141982
3,6144,1,11,1,5,16178,98446,8798,15618,3332,110654,31973,142627
3,6144,1,16,1,5,17347,99281,9560,16689,3381,112650,33855,146505
3,6144,1,21,1,5,17598,98572,9676,16917,3183,112542,33645,146187
3,6144,1,26,1,5,17037,99449,9388,17078,3400,112695,33923,146618
3,6144,1,1,1,6,9992,120163,5553,7979,3394,123993,23325,147318
3,6144,1,6,1,6,10753,117684,5529,9121,4368,122650,25045,147695
3,6144,1,11,1,6,11325,117389,5952,10215,3291,122499,25890,148389
3,6144,1,16,1,6,12293,118955,5925,10257,3758,124085,27306,151391
3,6144,1,21,1,6,12509,117001,7297,10720,4108,124580,27280,151860
3,6144,1,26,1,6,12759,117388,6732,11194,4127,124992,27447,152439
3,6144,1,1,1,7,12649,109346,6334,9167,3260,115509,25524,141033
3,6144,1,6,1,7,13973,110932,7145,9825,3522,119113,26544,145657
3,6144,1,11,1,7,13551,111071,7131,10638,3500,119840,26315,146155
3,6144,1,16,1,7,13704,110933,8074,12264,3626,120369,28509,148878
3,6144,1,21,1,7,13137,112542,6804,12297,3468,121418,27097,148515
3,6144,1,26,1,7,12799,116666,7844,12619,3755,126373,27504,153877
3,6144,1,1,1,8,11949,98088,7251,9459,2996,104956,25034,129990
3,6144,1,6,1,8,12087,97252,7335,10824,3135,104636,26221,130857
3,6144,1,11,1,8,13521,97484,7992,12217,3239,106828,27852,134680
3,6144,1,16,1,8,13153,97003,8150,11891,3158,106363,27204,133567
3,6144,1,21,1,8,14061,98738,8027,12964,3268,109019,28260,137279
3,6144,1,26,1,8,13779,101650,8588,13847,3630,112930,28827,141757
3,6144,1,1,1,9,16615,100961,10774,13455,3343,113105,32273,145378
3,6144,1,6,1,9,16161,101385,11059,15441,3161,114483,32918,147401
3,6144,1,11,1,9,16878,102384,11184,17113,3207,116804,34225,151029
3,6144,1,16,1,9,16765,105519,11250,18000,3388,120716,34421,155137
3,6144,1,21,1,9,16974,102008,10899,18563,3393,117601,34426,152027
3,6144,1,26,1,9,17512,103480,11747,18593,3197,119958,34766,154724
3,6144,1,1,1,10,18743,95026,14227,18551,2899,113156,36514,149670
3,6144,1,6,1,10,20400,96572,13888,20514,2819,115855,38560,154415
3,6144,1,11,1,10,20463,96529,14828,21998,3619,117761,39885,157646
3,6144,1,16,1,10,21350,95901,14066,25041,3093,118452,41183,159635
3,6144,1,21,1,10,22103,96514,15511,26343,3554,120384,43840,164224
3,6144,1,26,1,10,22802,95925,15551,25999,2799,120248,43057,163305
3,6144,1,1,1,11,29349,95042,23630,29498,3082,128348,52451,180799
3,6144,1,6,1,11,29849,96753,23117,33800,2987,132277,54434,186711
3,6144,1,11,1,11,29534,95997,23835,36236,3399,133198,56007,189205
3,6144,1,16,1,11,29623,96381,24206,38748,3358,135593,56928,192521
3,6144,1,21,1,11,30749,99442,24722,40594,3599,139853,59450,199303
3,6144,1,26,1,11,33274,97175,25933,43137,3130,139519,63310,202829
4,12,1,1,1,1,53,63,33,22,29,155,105,260
4,12,1,6,1,1,94,47,35,26,54,182,119,301
4,12,1,11,1,1,49,37,30,21,18,117,77,194
4,12,1,16,1,1,51,50,28,21,20,128,89,217
4,12,1,21,1,1,57,46,27,20,53,133,114,247
4,12,1,26,1,1,52,39,29,23,17,127,77,204
4,12,1,1,1,2,47,37,34,22,17,133,69,202
4,12,1,6,1,2,47,38,55,28,18,149,77,226
4,12,1,11,1,2,61,40,28,27,17,141,80,221
4,12,1,16,1,2,52,40,27,26,19,131,77,208
4,12,1,21,1,2,61,40,26,52,19,172,76,248
4,12,1,26,1,2,61,38,28,25,16,135,74,209
4,12,1,1,1,3,39,32,17,9,24,106,57,163
4,12,1,6,1,3,42,71,22,12,37,141,102,243
4,12,1,11,1,3,43,54,23,15,53,145,97,242
4,12,1,16,1,3,50,54,23,14,41,144,87,231
4,12,1,21,1,3,41,47,17,10,42,151,74,225
4,12,1,26,1,3,47,48,21,11,34,130,73,203
4,12,1,1,1,4,47,37,18,12,16,117,55,172
4,12,1,6,1,4,43,49,22,14,39,126,80,206
4,12,1,11,1,4,42,55,23,15,39,127,90,217
4,12,1,16,1,4,41,56,25,15,40,143,89,232
4,12,1,21,1,4,42,56,17,13,32,127,78,205
4,12,1,26,1,4,40,55,18,10,34,121,83,204
4,12,1,1,1,5,43,38,18,11,15,116,59,175
4,12,1,6,1,5,44,47,23,13,35,127,76,203
4,12,1,11,1,5,42,51,26,14,34,141,87,228
4,12,1,16,1,5,41,52,20,12,36,124,78,202
4,12,1,21,1,5,49,55,21,11,37,139,86,225
4,12,1,26,1,5,75,48,21,11,34,180,71,251
4,12,1,1,1,6,41,36,20,10,16,111,59,170
4,12,1,6,1,6,42,44,20,9,35,124,73,197
4,12,1,11,1,6,52,49,24,11,34,137,72,209
4,12,1,16,1,6,43,52,21,14,34,133,80,213
4,12,1,21,1,6,41,54,24,16,36,131,89,220
4,12,1,26,1,6,43,54,25,15,70,134,121,255
4,12,1,1,1,7,41,35,19,11,16,105,57,162
4,12,1,6,1,7,40,48,18,13,36,125,76,201
4,12,1,11,1,7,49,53,22,12,34,132,83,215
4,12,1,16,1,7,52,53,25,14,34,147,82,229
4,12,1,21,1,7,47,54,17,11,35,127,80,207
4,12,1,26,1,7,42,50,20,13,33,125,74,199
4,12,1,1,1,8,52,37,17,12,15,126,60,186
4,12,1,6,1,8,52,46,22,13,34,129,79,208
4,12,1,11,1,8,42,51,24,13,35,123,80,203
4,12,1,16,1,8,45,62,24,16,35,172,86,258
4,12,1,21,1,8,43,60,25,14,38,137,91,228
4,12,1,26,1,8,40,54,20,13,38,134,83,217
4,12,1,1,1,9,41,34,19,10,15,153,55,208
4,12,1,6,1,9,41,46,17,13,38,126,81,207
4,12,1,11,1,9,45,47,23,11,32,133,75,208
4,12,1,16,1,9,78,76,21,16,35,164,106,270
4,12,1,21,1,9,38,49,21,12,34,122,74,196
4,12,1,26,1,9,42,53,22,11,35,149,81,230
4,12,1,1,1,10,39,70,18,12,15,99,89,188
4,12,1,6,1,10,43,45,22,16,36,135,79,214
4,12,1,11,1,10,40,53,18,10,33,113,80,193
4,12,1,16,1,10,51,52,20,12,35,128,79,207
4,12,1,21,1,10,62,54,24,15,33,144,85,229
4,12,1,26,1,10,40,50,22,14,35,125,77,202
4,12,1,1,1,11,39,38,19,10,26,113,66,179
4,12,1,6,1,11,41,44,25,13,34,122,76,198
4,12,1,11,1,11,45,57,20,15,42,125,95,220
4,12,1,16,1,11,43,57,21,12,32,118,83,201
4,12,1,21,1,11,41,51,24,15,35,123,85,208
4,12,1,26,1,11,40,51,25,16,36,128,86,214
4,24,1,1,1,1,63,42,40,35,17,144,95,239
4,24,1,6,1,1,62,44,39,48,21,195,107,302
4,24,1,11,1,1,63,43,52,36,24,173,112,285
4,24,1,16,1,1,72,40,40,37,18,152,105,257
4,24,1,21,1,1,99,41,40,37,17,178,97,275
4,24,1,26,1,1,74,41,41,37,17,156,93,249
4,24,1,1,1,2,66,39,30,29,18,141,79,220
4,24,1,6,1,2,60,45,35,32,22,151,88,239
4,24,1,11,1,2,56,45,33,32,23,140,88,228
4,24,1,16,1,2,67,48,34,34,23,161,90,251
4,24,1,21,1,2,56,45,36,36,24,150,95,245
4,24,1,26,1,2,65,43,35,34,23,154,91,245
4,24,1,1,1,3,55,38,27,26,16,139,76,215
4,24,1,6,1,3,55,39,38,41,17,155,89,244
4,24,1,11,1,3,56,45,42,45,16,153,101,254
4,24,1,16,1,3,59,41,41,43,17,152,95,247
4,24,1,21,1,3,84,43,43,44,17,189,102,291
4,24,1,26,1,3,62,44,43,44,16,158,97,255
4,24,1,1,1,4,45,45,22,15,17,128,66,194
4,24,1,6,1,4,45,51,23,16,40,140,85,225
4,24,1,11,1,4,46,59,27,15,56,159,96,255
4,24,1,16,1,4,56,71,28,20,55,172,107,279
4,24,1,21,1,4,52,68,22,15,45,157,99,256
4,24,1,26,1,4,55,86,32,16,56,172,121,293
4,24,1,1,1,5,43,43,23,18,15,120,66,186
4,24,1,6,1,5,42,49,24,18,42,157,84,241
4,24,1,11,1,5,45,54,21,13,53,140,89,229
4,24,1,16,1,5,45,70,26,17,61,156,106,262
4,24,1,21,1,5,49,89,25,16,58,148,129,277
4,24,1,26,1,5,52,87,34,20,58,174,123,297
4,24,1,1,1,6,47,43,22,16,16,118,67,185
4,24,1,6,1,6,57,52,28,25,48,163,96,259
4,24,1,11,1,6,48,63,26,22,60,161,105,266
4,24,1,16,1,6,49,72,29,16,57,155,108,263
4,24,1,21,1,6,49,121,33,18,58,195,126,321
4,24,1,26,1,6,47,86,29,16,61,162,118,280
4,24,1,1,1,7,47,42,22,15,15,113,65,178
4,24,1,6,1,7,47,52,25,17,41,147,83,230
4,24,1,11,1,7,46,60,24,18,61,154,102,256
4,24,1,16,1,7,47,72,23,17,56,143,109,252
4,24,1,21,1,7,84,83,31,19,59,205,114,319
4,24,1,26,1,7,44,90,29,19,56,178,113,291
4,24,1,1,1,8,48,42,20,14,15,114,64,178
4,24,1,6,1,8,46,76,27,19,42,174,83,257
4,24,1,11,1,8,45,63,27,20,60,156,111,267
4,24,1,16,1,8,46,73,26,25,59,162,118,280
4,24,1,21,1,8,46,88,31,20,57,164,117,281
4,24,1,26,1,8,48,93,28,21,61,173,127,300
4,24,1,1,1,9,49,82,23,16,18,127,104,231
4,24,1,6,1,9,50,52,27,23,41,146,87,233
4,24,1,11,1,9,52,61,24,18,59,159,102,261
4,24,1,16,1,9,46,97,30,15,67,156,139,295
4,24,1,21,1,9,47,87,26,14,60,148,122,270
4,24,1,26,1,9,48,88,29,23,62,167,125,292
4,24,1,1,1,10,49,43,23,16,16,122,67,189
4,24,1,6,1,10,53,58,25,15,44,151,89,240
4,24,1,11,1,10,47,58,35,21,59,162,106,268
4,24,1,16,1,10,44,72,37,24,58,164,117,281
4,24,1,21,1,10,49,79,27,22,58,163,120,283
4,24,1,26,1,10,46,82,29,20,50,150,113,263
4,24,1,1,1,11,74,79,21,17,18,152,99,251
4,24,1,6,1,11,42,52,21,20,44,136,88,224
4,24,1,11,1,11,43,68,25,16,58,151,97,248
4,24,1,16,1,11,45,108,28,17,55,153,149,302
4,24,1,21,1,11,54,83,24,14,59,162,118,280
4,24,1,26,1,11,46,84,30,21,58,173,114,287
4,48,1,1,1,1,73,83,48,48,14,212,107,319
4,48,1,6,1,1,78,49,50,51,14,182,112,294
4,48,1,11,1,1,91,76,56,51,16,194,143,337
4,48,1,16,1,1,86,49,49,49,15,177,107,284
4,48,1,21,1,1,75,49,52,49,16,168,110,278
4,48,1,26,1,1,74,54,47,106,15,189,148,337
4,48,1,1,1,2,63,47,44,38,17,160,102,262
4,48,1,6,1,2,68,51,50,55,19,169,117,286
4,48,1,11,1,2,67,48,46,51,19,189,105,294
4,48,1,16,1,2,72,48,48,51,15,168,106,274
4,48,1,21,1,2,68,58,48,52,15,176,110,286
4,48,1,26,1,2,74,48,48,53,14,176,107,283
4,48,1,1,1,3,64,46,35,31,15,147,85,232
4,48,1,6,1,3,74,54,50,53,23,181,121,302
4,48,1,11,1,3,65,89,51,51,22,202,113,316
4,48,1,16,1,3,66,56,49,51,22,172,111,283
4,48,1,21,1,3,68,50,47,87,21,175,143,318
4,48,1,26,1,3,69,59,53,52,20,186,111,297
4,48,1,1,1,4,97,52,39,38,18,197,90,287
4,48,1,6,1,4,69,54,59,56,15,189,115,304
4,48,1,11,1,4,64,52,62,64,15,182,117,299
4,48,1,16,1,4,105,53,61,65,16,215,128,343
4,48,1,21,1,4,68,49,64,69,18,186,126,312
4,48,1,26,1,4,73,51,61,62,51,234,118,352
4,48,1,1,1,5,54,64,30,24,18,160,79,239
4,48,1,6,1,5,54,76,49,24,43,201,95,296
4,48,1,11,1,5,53,77,30,24,74,218,114,332
4,48,1,16,1,5,56,85,39,24,100,195,146,341
4,48,1,21,1,5,54,100,39,25,110,215,152,367
4,48,1,26,1,5,57,123,40,33,106,230,168,398
4,48,1,1,1,6,67,69,29,24,17,170,76,246
4,48,1,6,1,6,48,75,25,20,77,171,124,295
4,48,1,11,1,6,53,80,30,23,69,179,113,292
4,48,1,16,1,6,56,95,36,26,110,229,148,377
4,48,1,21,1,6,66,105,39,25,102,237,150,387
4,48,1,26,1,6,55,131,44,27,91,231,161,392
4,48,1,1,1,7,55,63,29,22,16,150,77,227
4,48,1,6,1,7,55,66,28,22,37,197,91,288
4,48,1,11,1,7,53,84,31,24,72,188,117,305
4,48,1,16,1,7,57,83,33,29,114,205,148,353
4,48,1,21,1,7,61,97,38,24,106,212,152,364
4,48,1,26,1,7,59,113,31,28,92,222,142,364
4,48,1,1,1,8,51,65,33,25,18,145,83,228
4,48,1,6,1,8,51,80,30,22,39,174,88,262
4,48,1,11,1,8,56,76,36,25,73,188,119,307
4,48,1,16,1,8,55,81,37,25,139,241,143,384
4,48,1,21,1,8,52,110,37,28,112,239,153,392
4,48,1,26,1,8,58,123,36,22,121,211,191,402
4,48,1,1,1,9,57,62,31,21,22,157,77,234
4,48,1,6,1,9,56,75,28,22,43,177,99,276
4,48,1,11,1,9,63,76,28,23,65,235,115,350
4,48,1,16,1,9,50,83,39,28,87,196,136,332
4,48,1,21,1,9,55,106,34,27,95,226,137,363
4,48,1,26,1,9,53,116,38,32,95,242,154,396
4,48,1,1,1,10,55,64,30,24,21,159,79,238
4,48,1,6,1,10,54,69,27,23,39,156,95,251
4,48,1,11,1,10,91,74,36,29,73,231,117,348
4,48,1,16,1,10,59,100,35,27,107,233,147,380
4,48,1,21,1,10,53,102,38,25,180,248,190,438
4,48,1,26,1,10,64,117,33,26,105,223,161,384
4,48,1,1,1,11,52,58,28,20,19,152,74,226
4,48,1,6,1,11,53,103,42,21,41,215,89,304
4,48,1,11,1,11,55,77,31,29,71,195,118,313
4,48,1,16,1,11,56,110,43,29,107,241,146,387
4,48,1,21,1,11,55,99,38,24,104,217,147,364
4,48,1,26,1,11,70,112,45,36,102,250,158,408
4,96,1,1,1,1,97,73,93,99,14,254,166,420
4,96,1,6,1,1,93,71,63,59,21,221,127,348
4,96,1,11,1,1,95,70,55,67,20,221,126,347
4,96,1,16,1,1,94,80,61,64,18,240,123,363
4,96,1,21,1,1,84,67,57,61,14,200,122,322
4,96,1,26,1,1,87,109,61,65,17,208,170,378
4,96,1,1,1,2,84,71,51,47,15,206,115,321
4,96,1,6,1,2,77,79,60,55,20,214,118,332
4,96,1,11,1,2,82,82,52,92,24,250,132,382
4,96,1,16,1,2,81,81,50,56,19,230,122,352
4,96,1,21,1,2,77,80,50,58,31,211,127,338
4,96,1,26,1,2,79,79,58,61,24,213,131,344
4,96,1,1,1,3,80,63,46,38,15,183,99,282
4,96,1,6,1,3,74,121,95,63,28,244,174,418
4,96,1,11,1,3,84,86,63,63,31,243,136,379
4,96,1,16,1,3,75,91,61,60,30,228,137,365
4,96,1,21,1,3,76,91,59,62,28,222,132,354
4,96,1,26,1,3,77,92,58,61,30,225,133,358
4,96,1,1,1,4,68,133,43,42,16,208,134,342
4,96,1,6,1,4,76,83,68,58,17,226,125,351
4,96,1,11,1,4,85,82,71,78,23,232,148,380
4,96,1,16,1,4,92,79,103,91,18,282,155,437
4,96,1,21,1,4,83,81,76,80,19,246,150,396
4,96,1,26,1,4,83,125,74,77,18,248,179,427
4,96,1,1,1,5,70,76,47,37,21,187,109,296
4,96,1,6,1,5,86,72,61,67,16,221,128,349
4,96,1,11,1,5,87,74,87,97,17,254,156,410
4,96,1,16,1,5,94,74,112,127,18,282,186,468
4,96,1,21,1,5,109,80,105,112,17,293,171,464
4,96,1,26,1,5,89,72,105,121,15,272,188,460
4,96,1,1,1,6,75,162,37,32,19,236,134,370
4,96,1,6,1,6,65,136,38,36,35,264,110,374
4,96,1,11,1,6,67,135,44,35,69,286,127,413
4,96,1,16,1,6,91,146,49,43,96,310,154,464
4,96,1,21,1,6,67,158,47,40,119,298,175,473
4,96,1,26,1,6,67,164,99,50,187,371,249,620
4,96,1,1,1,7,63,140,40,33,26,231,111,342
4,96,1,6,1,7,62,121,34,30,35,248,106,354
4,96,1,11,1,7,63,128,37,32,67,248,131,379
4,96,1,16,1,7,63,148,49,38,96,287,149,436
4,96,1,21,1,7,65,184,45,40,123,326,178,504
4,96,1,26,1,7,65,162,45,40,149,310,201,511
4,96,1,1,1,8,80,120,42,30,19,263,97,360
4,96,1,6,1,8,63,113,40,37,35,233,109,342
4,96,1,11,1,8,61,146,41,35,61,264,126,390
4,96,1,16,1,8,89,143,46,37,85,310,145,455
4,96,1,21,1,8,69,164,40,41,106,294,168,462
4,96,1,26,1,8,101,191,40,78,139,408,187,595
4,96,1,1,1,9,67,124,40,30,20,223,100,323
4,96,1,6,1,9,67,128,73,32,55,248,148,396
4,96,1,11,1,9,63,163,39,34,55,260,137,397
4,96,1,16,1,9,59,135,46,36,87,262,139,401
4,96,1,21,1,9,67,154,47,40,106,292,163,455
4,96,1,26,1,9,84,163,52,44,152,352,188,540
4,96,1,1,1,10,64,186,37,33,18,252,134,386
4,96,1,6,1,10,59,110,32,30,32,204,99,303
4,96,1,11,1,10,66,140,41,35,59,251,128,379
4,96,1,16,1,10,67,147,47,58,90,296,150,446
4,96,1,21,1,10,67,154,48,45,116,305,168,473
4,96,1,26,1,10,94,227,50,41,159,416,195,611
4,96,1,1,1,11,74,130,41,34,26,244,105,349
4,96,1,6,1,11,67,125,36,32,35,211,123,334
4,96,1,11,1,11,60,137,46,37,60,254,127,381
4,96,1,16,1,11,66,159,41,42,89,303,139,442
4,96,1,21,1,11,100,150,46,41,112,321,169,490
4,96,1,26,1,11,74,154,49,44,150,327,184,511
4,192,1,1,1,1,158,141,111,86,22,386,168,554
4,192,1,6,1,1,118,147,77,92,26,313,183,496
4,192,1,11,1,1,188,144,98,85,27,373,213,586
4,192,1,16,1,1,121,136,79,90,21,322,168,490
4,192,1,21,1,1,120,146,82,127,23,362,216,578
4,192,1,26,1,1,112,136,76,90,22,313,168,481
4,192,1,1,1,2,97,147,62,68,19,282,151,433
4,192,1,6,1,2,119,141,75,94,21,319,180,499
4,192,1,11,1,2,114,137,73,89,20,314,168,482
4,192,1,16,1,2,142,129,84,92,17,323,178,501
4,192,1,21,1,2,117,134,81,86,18,294,178,473
4,192,1,26,1,2,156,132,73,83,28,356,164,520
4,192,1,1,1,3,108,140,57,65,21,284,149,433
4,192,1,6,1,3,108,147,100,132,19,345,204,549
4,192,1,11,1,3,118,139,87,101,21,325,185,510
4,192,1,16,1,3,145,141,80,128,20,349,206,555
4,192,1,21,1,3,114,153,85,108,20,341,190,531
4,192,1,26,1,3,137,150,120,103,23,332,242,574
4,192,1,1,1,4,85,130,54,55,21,265,126,391
4,192,1,6,1,4,99,150,73,80,23,313,154,467
4,192,1,11,1,4,99,154,84,96,26,321,182,503
4,192,1,16,1,4,96,192,81,98,23,349,184,533
4,192,1,21,1,4,110,168,83,90,22,340,180,520
4,192,1,26,1,4,104,150,87,97,26,329,178,507
4,192,1,1,1,5,128,126,61,78,19,328,127,455
4,192,1,6,1,5,105,173,79,88,18,343,160,503
4,192,1,11,1,5,110,156,126,151,18,393,225,618
4,192,1,16,1,5,119,149,133,164,22,407,235,642
4,192,1,21,1,5,152,140,155,163,18,450,231,681
4,192,1,26,1,5,121,136,123,163,20,390,226,616
4,192,1,1,1,6,133,164,95,62,18,376,139,515
4,192,1,6,1,6,115,137,71,83,19,325,163,488
4,192,1,11,1,6,121,174,96,151,22,369,238,607
4,192,1,16,1,6,145,160,122,148,25,408,235,643
4,192,1,21,1,6,148,173,144,212,23,490,254,744
4,192,1,26,1,6,141,151,161,207,27,437,299,736
4,192,1,1,1,7,89,358,59,55,38,479,160,639
4,192,1,6,1,7,82,306,50,52,36,422,150,572
4,192,1,11,1,7,82,308,61,53,58,423,182,605
4,192,1,16,1,7,91,364,65,68,88,496,227,723
4,192,1,21,1,7,93,321,62,60,111,482,205,687
4,192,1,26,1,7,89,383,64,67,173,597,219,816
4,192,1,1,1,8,103,333,62,56,37,466,164,630
4,192,1,6,1,8,79,310,51,89,42,436,184,620
4,192,1,11,1,8,84,308,54,53,58,444,169,613
4,192,1,16,1,8,136,341,68,68,82,495,256,751
4,192,1,21,1,8,83,332,60,63,103,482,215,697
4,192,1,26,1,8,123,367,63,70,127,574,224,798
4,192,1,1,1,9,101,329,63,58,34,463,164,627
4,192,1,6,1,9,96,304,50,50,36,431,156,587
4,192,1,11,1,9,88,336,52,53,101,437,242,679
4,192,1,16,1,9,83,328,69,61,82,470,196,666
4,192,1,21,1,9,100,348,63,68,139,551,209,760
4,192,1,26,1,9,93,369,62,61,124,548,207,755
4,192,1,1,1,10,95,327,90,56,33,498,152,650
4,192,1,6,1,10,87,303,65,54,38,443,159,602
4,192,1,11,1,10,116,310,57,53,60,485,164,649
4,192,1,16,1,10,86,346,67,63,82,515,197,712
4,192,1,21,1,10,93,319,62,61,100,489,193,682
4,192,1,26,1,10,87,410,72,70,135,566,253,819
4,192,1,1,1,11,99,332,59,54,36,461,161,622
4,192,1,6,1,11,119,313,62,60,37,445,191,636
4,192,1,11,1,11,85,312,65,58,62,469,168,637
4,192,1,16,1,11,81,340,61,59,82,468,199,667
4,192,1,21,1,11,87,333,62,61,97,482,205,687
4,192,1,26,1,11,96,368,96,67,136,576,234,810
4,384,1,1,1,1,193,401,159,209,29,652,388,1040
4,384,1,6,1,1,182,391,134,165,32,653,294,947
4,384,1,11,1,1,175,389,144,175,48,674,306,980
4,384,1,16,1,1,215,407,168,173,66,706,368,1074
4,384,1,21,1,1,181,395,134,182,35,681,295,976
4,384,1,26,1,1,178,388,131,186,31,640,314,954
4,384,1,1,1,2,168,425,92,111,28,587,276,863
4,384,1,6,1,2,145,427,110,147,26,630,270,900
4,384,1,11,1,2,163,426,116,144,25,651,276,927
4,384,1,16,1,2,186,415,107,138,24,627,292,919
4,384,1,21,1,2,155,419,102,134,27,609,273,882
4,384,1,26,1,2,148,412,106,142,33,621,264,885
4,384,1,1,1,3,132,406,91,96,26,585,227,812
4,384,1,6,1,3,161,387,117,153,28,627,270,897
4,384,1,11,1,3,157,399,116,158,28,624,282,906
4,384,1,16,1,3,198,426,164,156,26,694,315,1009
4,384,1,21,1,3,153,407,117,150,31,623,276,900
4,384,1,26,1,3,189,409,121,149,28,666,272,938
4,384,1,1,1,4,132,414,109,75,25,584,218,802
4,384,1,6,1,4,133,382,105,129,49,587,254,841
4,384,1,11,1,4,143,406,120,159,40,627,284,911
4,384,1,16,1,4,139,436,152,187,39,717,278,995
4,384,1,21,1,4,144,433,108,146,42,646,274,920
4,384,1,26,1,4,180,480,116,147,40,709,303,1012
4,384,1,1,1,5,132,402,131,90,26,574,248,822
4,384,1,6,1,5,154,375,121,134,27,569,284,853
4,384,1,11,1,5,192,383,177,204,42,673,369,1042
4,384,1,16,1,5,175,413,182,285,30,748,379,1127
4,384,1,21,1,5,216,420,191,232,34,708,438,1146
4,384,1,26,1,5,176,463,180,235,34,755,383,1138
4,384,1,1,1,6,139,407,97,98,30,590,224,814
4,384,1,6,1,6,199,397,146,152,28,651,313,964
4,384,1,11,1,6,191,395,145,249,45,676,390,1066
4,384,1,16,1,6,194,395,184,234,34,722,364,1086
4,384,1,21,1,6,207,393,205,263,31,729,414,1143
4,384,1,26,1,6,214,439,246,313,32,819,467,1286
4,384,1,1,1,7,221,391,126,167,30,674,333,1007
4,384,1,6,1,7,221,388,150,217,37,693,370,1063
4,384,1,11,1,7,248,390,176,251,45,750,405,1155
4,384,1,16,1,7,280,397,198,299,38,822,442,1264
4,384,1,21,1,7,259,398,234,346,47,866,477,1343
4,384,1,26,1,7,256,394,281,438,34,934,519,1453
4,384,1,1,1,8,152,1182,101,112,58,1348,307,1655
4,384,1,6,1,8,143,1075,108,117,70,1263,299,1562
4,384,1,11,1,8,151,1080,123,149,64,1277,341,1618
4,384,1,16,1,8,143,1162,121,136,86,1333,355,1689
4,384,1,21,1,8,154,1079,128,143,110,1320,342,1662
4,384,1,26,1,8,160,1068,124,138,135,1283,383,1666
4,384,1,1,1,9,155,1084,108,104,61,1270,285,1555
4,384,1,6,1,9,146,1052,101,112,59,1237,283,1520
4,384,1,11,1,9,141,1055,98,111,65,1233,301,1534
4,384,1,16,1,9,154,1123,127,139,77,1329,340,1669
4,384,1,21,1,9,160,1090,117,130,113,1313,345,1658
4,384,1,26,1,9,163,1132,128,143,133,1354,390,1744
4,384,1,1,1,10,158,1076,95,98,55,1253,295,1548
4,384,1,6,1,10,137,1062,101,127,56,1257,282,1539
4,384,1,11,1,10,143,1076,113,139,68,1243,337,1580
4,384,1,16,1,10,144,1127,107,126,82,1278,352,1630
4,384,1,21,1,10,150,1062,133,151,106,1276,377,1653
4,384,1,26,1,10,151,1084,140,166,125,1309,400,1709
4,384,1,1,1,11,139,1096,96,116,62,1248,306,1554
4,384,1,6,1,11,149,1057,103,110,66,1219,308,1527
4,384,1,11,1,11,145,1062,111,127,65,1247,304,1551
4,384,1,16,1,11,165,1141,120,135,77,1328,354,1682
4,384,1,21,1,11,156,1057,117,128,113,1276,342,1618
4,384,1,26,1,11,149,1101,125,173,127,1298,416,1714
4,768,1,1,1,1,423,1272,298,428,116,1855,725,2580
4,768,1,6,1,1,386,1285,301,454,63,1810,721,2531
4,768,1,11,1,1,434,1293,291,437,109,1852,752,2604
4,768,1,16,1,1,378,1297,299,457,66,1801,744,2545
4,768,1,21,1,1,423,1324,300,433,65,1847,776,2623
4,768,1,26,1,1,387,1284,303,443,67,1788,745,2533
4,768,1,1,1,2,324,1275,265,304,66,1641,635,2276
4,768,1,6,1,2,343,1305,270,359,65,1755,638,2393
4,768,1,11,1,2,403,1298,253,368,62,1762,661,2423
4,768,1,16,1,2,353,1262,265,404,65,1735,655,2390
4,768,1,21,1,2,339,1279,261,373,71,1714,647,2361
4,768,1,26,1,2,372,1297,244,380,64,1702,695,2397
4,768,1,1,1,3,212,1461,139,183,53,1656,438,2094
4,768,1,6,1,3,248,1437,210,298,54,1758,530,2288
4,768,1,11,1,3,290,1540,200,276,73,1861,559,2420
4,768,1,16,1,3,251,1590,181,269,66,1881,520,2401
4,768,1,21,1,3,244,1493,192,268,55,1738,560,2298
4,768,1,26,1,3,261,1557,186,250,58,1844,513,2357
4,768,1,1,1,4,271,1267,197,277,60,1599,518,2117
4,768,1,6,1,4,335,1400,254,396,69,1850,674,2524
4,768,1,11,1,4,356,1340,291,449,62,1843,700,2543
4,768,1,16,1,4,419,1287,328,454,60,1799,792,2591
4,768,1,21,1,4,354,1346,274,440,64,1818,705,2523
4,768,1,26,1,4,389,1306,319,454,64,1770,800,2570
4,768,1,1,1,5,223,1354,137,173,58,1568,422,1990
4,768,1,6,1,5,251,1343,196,246,63,1627,515,2142
4,768,1,11,1,5,350,1390,265,335,69,1778,677,2455
4,768,1,16,1,5,313,1377,298,429,66,1860,691,2551
4,768,1,21,1,5,291,1427,284,446,65,1797,759,2556
4,768,1,26,1,5,322,1394,270,420,58,1834,690,2524
4,768,1,1,1,6,262,1453,172,220,61,1748,466,2214
4,768,1,6,1,6,278,1459,206,286,56,1755,569,2324
4,768,1,11,1,6,293,1581,243,340,62,1964,613,2577
4,768,1,16,1,6,339,1584,324,419,66,2080,695,2775
4,768,1,21,1,6,369,1597,318,543,56,2100,826,2926
4,768,1,26,1,6,378,1537,367,567,57,2135,819,2954
4,768,1,1,1,7,319,1333,274,352,70,1763,633,2396
4,768,1,6,1,7,377,1385,283,414,65,1876,694,2570
4,768,1,11,1,7,434,1383,309,523,71,1981,783,2764
4,768,1,16,1,7,602,1583,459,629,101,2537,949,3486
4,768,1,21,1,7,443,1449,400,641,63,2150,891,3041
4,768,1,26,1,7,475,1385,410,722,65,2147,955,3102
4,768,1,1,1,8,488,1268,325,467,66,1877,777,2654
4,768,1,6,1,8,541,1275,374,604,71,1970,936,2906
4,768,1,11,1,8,526,1281,404,682,66,2016,981,2997
4,768,1,16,1,8,583,1303,414,725,91,2128,1028,3156
4,768,1,21,1,8,618,1355,455,751,69,2207,1084,3291
4,768,1,26,1,8,637,1308,475,860,64,2181,1206,3387
4,768,1,1,1,9,342,4189,263,260,133,4440,830,5270
4,768,1,6,1,9,316,4160,231,276,120,4436,709,5145
4,768,1,11,1,9,328,4145,259,306,145,4437,789,5226
4,768,1,16,1,9,344,4057,257,315,128,4370,773,5143
4,768,1,21,1,9,371,4075,295,373,190,4454,892,5346
4,768,1,26,1,9,365,4268,314,399,182,4670,912,5582
4,768,1,1,1,10,351,4124,216,265,160,4416,756,5172
4,768,1,6,1,10,308,4145,229,290,121,4323,817,5140
4,768,1,11,1,10,332,4057,241,302,143,4344,772,5116
4,768,1,16,1,10,332,4163,283,304,141,4483,793,5276
4,768,1,21,1,10,367,4082,291,337,152,4442,835,5277
4,768,1,26,1,10,368,4107,302,348,212,4499,888,5387
4,768,1,1,1,11,327,4130,209,258,134,4377,741,5118
4,768,1,6,1,11,310,4213,225,306,133,4441,788,5229
4,768,1,11,1,11,327,4119,245,298,158,4433,766,5199
4,768,1,16,1,11,350,4189,275,321,147,4494,831,5325
4,768,1,21,1,11,358,4124,281,345,178,4506,819,5325
4,768,1,26,1,11,377,4088,312,360,148,4457,876,5333
4,1536,1,1,1,1,1172,5113,959,1622,232,6844,2331,9175
4,1536,1,6,1,1,1280,5341,1187,1798,255,7270,2672,9942
4,1536,1,11,1,1,1145,5185,991,1525,180,6727,2360,9087
4,1536,1,16,1,1,1202,5130,943,1538,177,6749,2340,9089
4,1536,1,21,1,1,1177,5156,948,1504,206,6643,2390,9033
4,1536,1,26,1,1,1179,5227,971,1455,175,6693,2364,9057
4,1536,1,1,1,2,688,4835,458,712,151,5456,1428,6884
4,1536,1,6,1,2,719,4947,591,819,153,5666,1623,7289
4,1536,1,11,1,2,693,5105,596,767,152,5785,1579,7364
4,1536,1,16,1,2,709,4893,581,822,181,5648,1602,7250
4,1536,1,21,1,2,718,4913,559,927,191,5684,1665,7349
4,1536,1,26,1,2,704,4962,509,844,155,5677,1540,7217
4,1536,1,1,1,3,854,4997,606,1010,170,6054,1645,7699
4,1536,1,6,1,3,1094,5257,750,1250,185,6505,2077,8582
4,1536,1,11,1,3,1157,5350,692,1315,171,6543,2182,8725
4,1536,1,16,1,3,1079,5121,699,1375,180,6406,2107,8513
4,1536,1,21,1,3,1084,5172,682,1281,209,6381,2103,8484
4,1536,1,26,1,3,1083,5366,754,1193,178,6534,2088,8623
4,1536,1,1,1,4,624,4844,469,627,144,5407,1352,6759
4,1536,1,6,1,4,718,5018,573,880,156,5816,1573,7389
4,1536,1,11,1,4,745,5077,602,980,162,5909,1697,7606
4,1536,1,16,1,4,779,5063,609,939,150,5882,1705,7587
4,1536,1,21,1,4,765,4936,552,912,146,5710,1638,7348
4,1536,1,26,1,4,772,4992,594,979,153,5858,1674,7532
4,1536,1,1,1,5,520,5043,306,446,138,5358,1144,6502
4,1536,1,6,1,5,563,5041,375,590,151,5515,1261,6776
4,1536,1,11,1,5,625,5119,498,746,165,5731,1463,7194
4,1536,1,16,1,5,651,5208,604,942,162,6012,1623,7635
4,1536,1,21,1,5,642,5561,608,840,174,6317,1560,7877
4,1536,1,26,1,5,641,5067,669,852,175,5868,1579,7447
4,1536,1,1,1,6,518,5364,432,523,145,5829,1195,7024
4,1536,1,6,1,6,591,5503,405,635,154,5997,1334,7331
4,1536,1,11,1,6,662,5698,461,804,181,6368,1482,7850
4,1536,1,16,1,6,708,5699,617,890,162,6487,1639,8126
4,1536,1,21,1,6,774,5818,626,999,159,6697,1738,8435
4,1536,1,26,1,6,810,6178,781,1076,169,7187,1872,9059
4,1536,1,1,1,7,711,5073,538,721,158,5770,1485,7255
4,1536,1,6,1,7,814,5055,592,951,164,5928,1693,7621
4,1536,1,11,1,7,832,5142,628,1071,156,6112,1764,7876
4,1536,1,16,1,7,937,5249,658,1167,191,6314,1934,8248
4,1536,1,21,1,7,946,5169,740,1368,155,6393,2027,8420
4,1536,1,26,1,7,987,5261,850,1594,190,6655,2272,8927
4,1536,1,1,1,8,896,4830,691,1008,154,5851,1774,7625
4,1536,1,6,1,8,1060,5123,797,1297,144,6355,2113,8468
4,1536,1,11,1,8,1130,4959,821,1370,177,6257,2250,8507
4,1536,1,16,1,8,1209,5013,864,1464,149,6420,2324,8744
4,1536,1,21,1,8,1215,4902,911,1529,186,6358,2427,8785
4,1536,1,26,1,8,1369,4816,1000,1944,151,6612,2711,9323
4,1536,1,1,1,9,1538,4942,1156,1652,179,6820,2703,9523
4,1536,1,6,1,9,1639,5083,1174,1994,187,7173,2963,10136
4,1536,1,11,1,9,1788,5155,1278,2537,174,7584,3401,10985
4,1536,1,16,1,9,1787,5076,1342,2367,182,7539,3271,10810
4,1536,1,21,1,9,1893,5106,1315,2584,182,7593,3533,11126
4,1536,1,26,1,9,1935,5258,1356,2664,180,7952,3486,11438
4,1536,1,1,1,10,1022,16663,685,992,378,17356,2477,19833
4,1536,1,6,1,10,939,16281,637,961,347,16823,2444,19267
4,1536,1,11,1,10,1014,16112,752,961,379,16823,2495,19318
4,1536,1,16,1,10,1033,16052,752,1023,375,16853,2489,19342
4,1536,1,21,1,10,992,15962,773,1056,393,16768,2528,19296
4,1536,1,26,1,10,1018,16214,726,1046,451,17016,2539,19555
4,1536,1,1,1,11,990,16287,724,933,372,16950,2456,19406
4,1536,1,6,1,11,950,16472,703,902,342,17057,2412,19469
4,1536,1,11,1,11,975,16119,729,955,406,16846,2444,19290
4,1536,1,16,1,11,991,16137,777,1024,459,17047,2441,19488
4,1536,1,21,1,11,1027,15979,746,1060,512,16894,2536,19430
4,1536,1,26,1,11,1040,16175,729,1084,477,17044,2563,19607
4,3072,1,1,1,1,3963,19149,3597,5549,638,24349,8664,33013
4,3072,1,6,1,1,4299,19929,3508,5865,579,25543,8768,34311
4,3072,1,11,1,1,4160,19658,3566,5649,683,25165,8675,33840
4,3072,1,16,1,1,4074,20147,3751,5747,563,25647,8751,34398
4,3072,1,21,1,1,4143,19821,3621,5738,557,25358,8645,34003
4,3072,1,26,1,1,4157,20072,3700,5660,694,25436,8964,34400
4,3072,1,1,1,2,2849,19766,2496,4069,624,23234,6693,29927
4,3072,1,6,1,2,3175,20133,2669,4428,531,23764,7313,31077
4,3072,1,11,1,2,3188,20131,2791,4711,598,24217,7325,31542
4,3072,1,16,1,2,3103,20190,2671,4685,540,23989,7343,31332
4,3072,1,21,1,2,3146,20244,2764,4419,682,23901,7470,31371
4,3072,1,26,1,2,3141,19715,2634,4523,585,23492,7248,30740
4,3072,1,1,1,3,2159,20138,1716,2494,713,22045,5317,27362
4,3072,1,6,1,3,2783,20184,2007,3326,517,22707,6254,28961
4,3072,1,11,1,3,2852,20788,1872,3406,593,23303,6330,29633
4,3072,1,16,1,3,2799,20443,1807,3494,702,22901,6465,29366
4,3072,1,21,1,3,2876,21132,1935,3257,585,23520,6398,29918
4,3072,1,26,1,3,2980,20484,1850,3188,629,23040,6213,29253
4,3072,1,1,1,4,1798,19192,1492,1887,544,20562,4478,25040
4,3072,1,6,1,4,2011,19468,1888,2095,720,21120,5191,26311
4,3072,1,11,1,4,2036,20938,1738,2438,688,22527,5440,27967
4,3072,1,16,1,4,2099,19916,1714,2489,610,21545,5410,26955
4,3072,1,21,1,4,2050,19733,1743,2534,639,21388,5441,26829
4,3072,1,26,1,4,1992,20055,1824,2184,857,21882,5177,27059
4,3072,1,1,1,5,2403,19468,2224,3361,661,22379,5870,28249
4,3072,1,6,1,5,3156,20042,2331,3731,744,23387,6735,30122
4,3072,1,11,1,5,3120,20234,2339,4071,612,23474,7042,30516
4,3072,1,16,1,5,3454,20185,2736,4620,613,24237,7493,31730
4,3072,1,21,1,5,3438,19879,2701,4532,691,23898,7473,31372
4,3072,1,26,1,5,3458,20205,2837,4619,585,24496,7332,31828
4,3072,1,1,1,6,1690,22213,1176,1547,553,22858,4435,27293
4,3072,1,6,1,6,1833,21823,1104,1928,677,22759,4756,27515
4,3072,1,11,1,6,1941,22243,1423,2202,603,23505,5032,28537
4,3072,1,16,1,6,2099,22359,1597,2373,769,24190,5131,29321
4,3072,1,21,1,6,2096,22502,1656,2664,598,24061,5565,29626
4,3072,1,26,1,6,2277,23112,1796,2789,729,24942,5888,30830
4,3072,1,1,1,7,1943,20575,1561,1926,612,21838,4889,26727
4,3072,1,6,1,7,2134,20560,1502,2444,504,22156,5112,27268
4,3072,1,11,1,7,2244,21158,1698,2471,700,22887,5504,28391
4,3072,1,16,1,7,2382,20792,1847,2800,508,22828,5609,28437
4,3072,1,21,1,7,2400,20827,1777,3027,666,22906,5910,28816
4,3072,1,26,1,7,2409,20706,1989,3404,740,23281,6088,29369
4,3072,1,1,1,8,2371,19475,1951,2498,553,21548,5419,26967
4,3072,1,6,1,8,2640,19830,1966,3166,474,22074,6147,28221
4,3072,1,11,1,8,2683,20699,2083,3433,661,23406,6267,29673
4,3072,1,16,1,8,2808,19719,2394,3369,483,22577,6319,28896
4,3072,1,21,1,8,2865,19905,2331,3789,745,22891,6876,29767
4,3072,1,26,1,8,2981,20062,2423,3918,510,23043,6972,30015
4,3072,1,1,1,9,3622,20624,2861,4045,702,24387,7598,31985
4,3072,1,6,1,9,3918,20712,3015,4682,650,25020,8077,33097
4,3072,1,11,1,9,4092,20735,3285,5422,553,25589,8628,34217
4,3072,1,16,1,9,4229,21094,3036,5332,630,25920,8540,34460
4,3072,1,21,1,9,4308,20768,3371,5662,746,25985,8997,34982
4,3072,1,26,1,9,4421,20846,3226,6011,624,26183,9068,35251
4,3072,1,1,1,10,5491,19576,4531,6360,694,26635,10156,36791
4,3072,1,6,1,10,5531,19723,4732,7382,750,27221,11036,38257
4,3072,1,11,1,10,5817,19699,4690,7863,718,27528,11398,38926
4,3072,1,16,1,10,6077,19790,4574,8340,828,27748,12004,39752
4,3072,1,21,1,10,6611,19798,4823,8649,786,28423,12374,40797
4,3072,1,26,1,10,6715,19708,4670,8743,817,28278,12522,40800
4,3072,1,1,1,11,4684,64235,2680,3492,1493,66876,9888,76764
4,3072,1,6,1,11,4516,64589,2457,3559,1505,67284,9511,76795
4,3072,1,11,1,11,4908,64448,2545,3636,1481,67465,9740,77205
4,3072,1,16,1,11,4848,66104,2787,3741,1462,69460,9692,79152
4,3072,1,21,1,11,5062,65088,2653,4771,1419,69133,9965,79098
4,3072,1,26,1,11,5334,65135,2884,4049,1957,69459,10016,79475
4,6144,1,1,1,1,18776,78579,14348,23350,2644,99242,38712,137954
4,6144,1,6,1,1,18156,78863,14270,22357,2424,99662,36672,136334
4,6144,1,11,1,1,18850,77779,13780,23097,2904,100474,36184,136658
4,6144,1,16,1,1,18409,77340,13708,22050,2104,98511,35307,133818
4,6144,1,21,1,1,18413,76701,13813,22015,2703,98540,35358,133898
4,6144,1,26,1,1,17737,77234,13715,21933,2419,97960,35312,133272
4,6144,1,1,1,2,9537,75554,7018,10452,2280,83368,21682,105050
4,6144,1,6,1,2,10911,77197,7206,11776,2258,85455,24110,109565
4,6144,1,11,1,2,10798,77929,7333,11556,2331,87139,23071,110210
4,6144,1,16,1,2,10122,78196,6951,11723,2512,86579,23131,109710
4,6144,1,21,1,2,10460,77599,7235,11644,2837,86355,23637,109992
4,6144,1,26,1,2,10817,77194,7452,11330,2859,86523,23354,109877
4,6144,1,1,1,3,9054,80555,5522,8543,2364,86497,19721,106218
4,6144,1,6,1,3,10355,81715,5677,10187,2678,88345,22474,110819
4,6144,1,11,1,3,10560,82253,5728,9668,2565,89331,21724,111055
4,6144,1,16,1,3,10341,81536,6109,10297,2370,88768,22074,110842
4,6144,1,21,1,3,10299,81477,5963,9564,2244,87791,22009,109800
4,6144,1,26,1,3,10255,81498,5641,9799,2824,88418,21853,110271
4,6144,1,1,1,4,7447,73443,4661,6767,2268,76906,17846,94752
4,6144,1,6,1,4,7934,75209,4671,7807,2482,80243,18041,98284
4,6144,1,11,1,4,8819,74610,5493,9127,2954,81744,19460,101204
4,6144,1,16,1,4,8365,76862,4926,7939,3639,83004,18959,101963
4,6144,1,21,1,4,8532,76087,5259,8554,2360,81148,19847,100995
4,6144,1,26,1,4,8599,76743,4840,8419,2431,81014,20201,101215
4,6144,1,1,1,5,9468,74610,6055,9364,2509,81377,20815,102192
4,6144,1,6,1,5,10349,77421,6565,10349,2548,84751,22663,107414
4,6144,1,11,1,5,11201,77652,6708,10481,2714,85735,23242,108977
4,6144,1,16,1,5,12109,76568,7149,11424,2451,85965,23959,109924
4,6144,1,21,1,5,12006,77836,6786,12435,2048,87137,24176,111313
4,6144,1,26,1,5,11748,76883,7099,11362,2115,85853,23581,109434
4,6144,1,1,1,6,6992,82339,3943,6039,2510,85359,16641,102000
4,6144,1,6,1,6,7391,81185,4638,6245,2515,85040,17101,102141
4,6144,1,11,1,6,8686,81169,4865,7282,3410,86274,19306,105580
4,6144,1,16,1,6,9105,82396,5624,8288,3006,87451,21127,108578
4,6144,1,21,1,6,9206,83676,6476,7684,2654,89110,20792,109902
4,6144,1,26,1,6,9515,84267,5756,8789,3671,89830,22309,112139
4,6144,1,1,1,7,7287,76873,4991,6069,2288,79812,17865,97677
4,6144,1,6,1,7,8147,77064,4726,7454,3048,82090,18558,100648
4,6144,1,11,1,7,8583,77655,4876,8223,2316,83140,18688,101828
4,6144,1,16,1,7,9272,77735,6513,8155,3439,83490,21822,105312
4,6144,1,21,1,7,9347,78791,5479,9746,2756,85533,20761,106294
4,6144,1,26,1,7,9578,77382,6293,9876,3093,84531,21870,106401
4,6144,1,1,1,8,8708,72835,5446,8038,2108,78341,18958,97299
4,6144,1,6,1,8,9977,75204,5725,9311,2633,82138,20896,103034
4,6144,1,11,1,8,10043,73973,6040,9630,2560,80859,21572,102431
4,6144,1,16,1,8,10326,76497,6473,10227,2455,83391,22754,106145
4,6144,1,21,1,8,10776,75788,6959,10331,2465,83820,22695,106515
4,6144,1,26,1,8,10891,75376,6998,10973,2375,82855,23960,106815
4,6144,1,1,1,9,12325,78824,7915,10633,2578,88305,24130,112435
4,6144,1,6,1,9,13096,79622,8517,12993,2518,90973,25966,116939
4,6144,1,11,1,9,14178,80601,8358,14285,2467,92627,27448,120075
4,6144,1,16,1,9,13966,80011,8770,13858,2362,92024,27155,119179
4,6144,1,21,1,9,14248,80920,8673,15492,2432,93762,28201,121963
4,6144,1,26,1,9,14170,79855,8933,16047,2420,92864,28765,121629
4,6144,1,1,1,10,14897,73320,11187,15741,2298,88918,28681,117599
4,6144,1,6,1,10,15969,75377,10732,16937,2391,91266,30324,121590
4,6144,1,11,1,10,16535,76128,10795,18656,2140,93129,31287,124416
4,6144,1,16,1,10,17241,75233,11424,21284,2374,94544,33177,127721
4,6144,1,21,1,10,18084,74601,11284,22024,2770,94858,34058,128916
4,6144,1,26,1,10,18903,75283,11532,21791,2218,95788,34098,129886
4,6144,1,1,1,11,23636,73252,17821,26870,2098,102339,41497,143837
4,6144,1,6,1,11,23979,75000,18177,29030,2139,105168,43304,148472
4,6144,1,11,1,11,24862,75140,17749,31453,2207,106108,45457,151565
4,6144,1,16,1,11,25650,74774,18627,33022,2440,107733,46953,154686
4,6144,1,21,1,11,26426,75731,19382,35260,2323,110521,48752,159273
4,6144,1,26,1,11,26625,75580,19835,35624,2116,111145,48776,159921
4,12288,1,1,1,1,84413,327849,61091,100094,11287,425056,159921,584977
4,12288,1,6,1,1,81117,323027,59906,101150,11806,415584,161621,577205
4,12288,1,11,1,1,80650,322660,62424,99825,10804,415061,161517,576578
4,12288,1,16,1,1,79927,323518,62135,101772,10485,415429,162616,578045
4,12288,1,21,1,1,79810,318096,61116,101819,11605,411448,161188,572636
4,12288,1,26,1,1,81280,324046,58931,103146,11393,418272,160732,579004
4,12288,1,1,1,2,60758,323287,47379,75888,8981,387538,128953,516491
4,12288,1,6,1,2,64164,323181,46033,79892,10574,389174,134887,524061
4,12288,1,11,1,2,66044,319697,45748,78198,10713,386605,134026,520631
4,12288,1,16,1,2,65447,318837,45346,78733,10427,384157,134830,518987
4,12288,1,21,1,2,63305,325086,46985,77846,9338,389755,133042,522797
4,12288,1,26,1,2,65097,321669,45509,80891,9511,387870,135013,522883
4,12288,1,1,1,3,62844,319173,46409,70289,10769,381667,128038,509705
4,12288,1,6,1,3,67111,322709,45239,77327,12425,391075,133948,525023
4,12288,1,11,1,3,68101,322105,45877,78105,10675,388665,136407,525073
4,12288,1,16,1,3,66763,320758,45207,74187,10124,386473,130766,517239
4,12288,1,21,1,3,67307,321743,45519,76600,11957,389024,134306,523330
4,12288,1,26,1,3,68727,322620,45110,77217,9444,391368,131962,523330
4,12288,1,1,1,4,56206,324248,41800,65678,10636,377871,120902,498773
4,12288,1,6,1,4,60618,323159,41967,71369,12726,383364,126695,510059
4,12288,1,11,1,4,70147,323203,42607,81091,12451,395028,134690,529718
4,12288,1,16,1,4,70339,324145,45195,76757,10199,393459,133371,526830
4,12288,1,21,1,4,68573,325761,44373,78350,10245,394242,133265,527507
4,12288,1,26,1,4,71162,323053,45367,76497,11422,395106,132586,527692
4,12288,1,1,1,5,39417,315337,29681,43743,9043,341312,96107,437419
4,12288,1,6,1,5,42411,319118,36020,46328,10373,354178,100287,454465
4,12288,1,11,1,5,44406,326830,33006,48968,10640,359689,104375,464064
4,12288,1,16,1,5,43723,328776,33459,50752,8993,353676,112242,465918
4,12288,1,21,1,5,45340,329074,33616,48854,9964,360321,106714,467035
4,12288,1,26,1,5,44760,327800,29902,51815,9005,355895,107586,463481
4,12288,1,1,1,6,52936,325636,40284,62784,13986,379549,116256,495805
4,12288,1,6,1,6,61419,328723,41894,71310,10893,386284,128154,514438
4,12288,1,11,1,6,68307,322873,45066,80738,12151,398582,130749,529331
4,12288,1,16,1,6,70684,337572,50900,91167,12073,416730,145859,562589
4,12288,1,21,1,6,72569,328288,53809,89417,10265,405678,148869,554547
4,12288,1,26,1,6,72091,327164,56048,92035,12063,407801,151803,559604
4,12288,1,1,1,7,37184,552288,31537,37295,10610,574697,94665,669362
4,12288,1,6,1,7,49628,593226,44621,42083,13900,617865,125798,743663
4,12288,1,11,1,7,52373,546517,47007,49763,17724,566734,146911,713645
4,12288,1,16,1,7,58522,538311,61518,67463,26112,592240,159884,752124
4,12288,1,21,1,7,58650,560644,57633,70381,25186,612164,160589,772753
